Fecha;Tipo de Cambio Minorista;Dólar Ahorro;Dólar MEP;Indice Merval;Badlar en $;Tasa de Interes deposito 30 días;Tasa de Interes prestamos por cuenta corriente;Crecimiento Económico;Riesgo crediticio;Desempleo;Indice de Volatilidad
03/01/2017;16,16;;;17911,2;20,125;18,35;;;;;5238,1
04/01/2017;16,16;;;18143,1;19,875;18,46;;;;;5238,1
05/01/2017;16,37;;;18222,7;19,75;18,29;;;;;5238,1
06/01/2017;16,23;;;18284,3;19,875;18,16;;;;;5047,62
09/01/2017;16,05;;;18509,9;19,875;18,24;;;;;5047,62
10/01/2017;16,08;;;18783,3;20,0625;18,44;;;;;4952,38
11/01/2017;16,1;;;18467,8;19,625;17,74;;;;;5333,33
12/01/2017;16,11;;;18591,3;19,625;18,13;;;;;5238,1
13/01/2017;16,08;;;18885,1;19,75;18,11;;;;;5047,62
16/01/2017;16,08;;;18997,5;19,75;18,01;;;;;5142,86
17/01/2017;16,09;;;18875,6;19,875;18,11;;;;;5619,05
18/01/2017;16,12;;;18870,1;19,75;18,11;;;;;5523,81
19/01/2017;16,2;;;18633,5;19,625;18,16;;;;;5523,81
20/01/2017;16,19;;;19039,5;19,5;17,88;;;;;5523,81
23/01/2017;16,13;;;19470,6;19,5;17,88;;;;;5714,29
24/01/2017;16,16;;;19366,9;19,625;17,04;;;;;6095,24
25/01/2017;16,19;;;19406,6;19,6875;18,02;;;;;6095,24
26/01/2017;16,18;;;19180,4;19,9375;18,16;;;;;6095,24
27/01/2017;16,19;;;19215,8;19,9375;18,03;;;;;6095,24
30/01/2017;16,15;;;18777,5;19,9375;18,72;;;;;6095,24
31/01/2017;16,17;;;19062,6;19,375;17,95;;;;;6095,24
01/02/2017;16,14;;;19200,8;20,1875;18,49;;;;;6095,24
02/02/2017;16,05;;;19375;20,25;17,85;;;;;5714,29
03/02/2017;15,92;;;19200,5;20;18,06;;;;;6000
06/02/2017;15,88;;;19248,7;19,625;17,77;;;;;5809,52
07/02/2017;15,98;;;19194,3;20,0625;17,9;;;;;5619,05
08/02/2017;15,95;;;19147,9;20,3125;18,34;;;;;5714,29
09/02/2017;15,96;;;19302,3;20,25;18,19;;;;;5619,05
10/02/2017;15,92;;;19502,9;19,625;17,42;;;;;5809,52
13/02/2017;15,81;;;19507,5;19,6875;17,84;;;;;5523,81
14/02/2017;15,76;;;19606,4;20,3125;17,98;;;;;5523,81
15/02/2017;15,8;;;19657,1;20,3125;17,96;;;;;5714,29
16/02/2017;15,7;;;19563,2;20,25;17,85;;;;;5904,76
17/02/2017;15,68;;;19681,3;19,75;18,05;;;;;6000
20/02/2017;15,95;;;20038,4;19,75;17,85;;;;;6000
21/02/2017;15,99;;;20072,9;20;17,97;;;;;5714,29
22/02/2017;15,91;;;19915,3;20,3125;18,18;;;;;5904,76
23/02/2017;15,8;;;19538,1;20,25;17,95;;;;;5809,52
24/02/2017;15,83;;;19117,5;20,1875;18,09;;;;;5714,29
01/03/2017;15,76;;;19359;20,125;18,55;;;;;5714,29
02/03/2017;15,74;;;18966,5;19,75;18,5;;;;;5714,29
03/03/2017;15,69;;;19265,5;19,6875;17,64;;;;;5619,05
06/03/2017;15,71;;;19197,3;19,875;17,83;;;;;5619,05
07/03/2017;15,71;;;19248,2;19,6875;17,86;;;;;5619,05
08/03/2017;15,78;;;19232,6;19,5625;17,72;;;;;5619,05
09/03/2017;15,89;;;18785,5;19,6875;18,07;;;;;5619,05
10/03/2017;15,87;;;18895,9;19,625;18,13;;;;;5714,29
13/03/2017;15,79;;;19188,3;19,375;17,42;;;;;5619,05
14/03/2017;15,81;;;19062,2;19,875;18,18;;;;;5619,05
15/03/2017;15,81;;;19368,4;19,5;17,81;;;;;5809,52
16/03/2017;15,82;;;19601,3;19,625;17,78;;;;;5904,76
17/03/2017;15,83;;;19434;19,625;17,65;;;;;6380,95
20/03/2017;15,82;;;19793,5;19,4375;17,7;;;;;6285,71
21/03/2017;15,93;;;19535,2;19,375;18,1;;;;;6190,48
22/03/2017;15,9;;;19666,6;19,25;17,42;;;;;6095,24
23/03/2017;15,9;;;19705,1;19,3125;17,75;;;;;6190,48
27/03/2017;15,91;;;19801,7;19,0625;17,47;;;;;6190,48
28/03/2017;15,88;;;20022,4;19,3125;18,05;;;;;6285,71
29/03/2017;15,84;;;20203,3;19,1875;17,69;;;;;6285,71
30/03/2017;15,74;;;20248,4;19;17,63;;;;;6285,71
31/03/2017;15,7;;;20265,3;19,0625;18,4;;;;;6000
03/04/2017;15,63;;;20561,9;18,6875;16,9;;;;;5904,76
04/04/2017;15,72;;;20834,7;19,0625;17,34;;;;;5714,29
05/04/2017;15,69;;;20683;18,8125;17,33;;;;;5809,52
06/04/2017;15,65;;;20812,8;18,9375;17,42;;;;;5809,52
07/04/2017;15,68;;;20727,6;18,75;17,26;;;;;5714,29
10/04/2017;15,66;;;20926,2;19;17,4;;;;;5904,76
11/04/2017;15,55;;;20994,8;18,9375;17,32;;;;;5714,29
12/04/2017;15,52;;;20812,2;18,875;16,91;;;;;5714,29
17/04/2017;15,49;;;20748,1;19,3125;17,5;;;;;5523,81
18/04/2017;15,5;;;20669,7;19,5;17,65;;;;;5333,33
19/04/2017;15,55;;;20513,2;19,4375;17,57;;;;;5619,05
20/04/2017;15,72;;;20668,7;19,3125;17,58;;;;;5428,57
21/04/2017;15,7;;;20769;19,4375;17,45;;;;;5428,57
24/04/2017;15,6;;;21169,9;19,5;17,53;;;;;5714,29
25/04/2017;15,72;;;21198,9;19,6875;18,02;;;;;5904,76
26/04/2017;15,73;;;21027,7;19,5;17,65;;;;;5904,76
27/04/2017;15,75;;;20889,5;19,6875;17,87;;;;;6000
28/04/2017;15,74;;;21019,9;20;18,06;;;;;6095,24
02/05/2017;15,72;;;21157,5;19,3125;17,4;;;;;6000
03/05/2017;15,61;;;21212;19,5625;18,41;;;;;6000
04/05/2017;15,58;;;20985,5;19,6875;17,5;;;;;6000
05/05/2017;15,64;;;21169,7;19,4375;17,73;;;;;6476,19
08/05/2017;15,65;;;21076,7;19,5;17,67;;;;;6476,19
09/05/2017;15,7;;;21140,2;19,625;17,6;;;;;6476,19
10/05/2017;15,84;;;21510;19,6875;17,69;;;;;6476,19
11/05/2017;15,83;;;21426,6;19,25;17,49;;;;;6761,9
12/05/2017;15,75;;;21502,4;19,5;17,37;;;;;6571,43
15/05/2017;15,73;;;21656,6;19,6875;17,95;;;;;6666,67
16/05/2017;15,79;;;21833,6;19,875;18,27;;;;;6666,67
17/05/2017;15,89;;;21674,2;19,5625;17,69;;;;;6761,9
18/05/2017;15,9;;;21034;19,875;17,76;;;;;6857,14
19/05/2017;16,27;;;21614,9;19,5625;17,84;;;;;6952,38
22/05/2017;16,22;;;21500,8;19,5625;17,71;;;;;6761,9
23/05/2017;16,41;;;21520,7;19,8125;17,95;;;;;6666,67
24/05/2017;16,34;;;21684,6;19,5;17,71;;;;;6476,19
26/05/2017;16,34;;;22141,7;19,4375;17,76;;;;;6190,48
29/05/2017;16,3;;;22347,4;19,9375;17,84;;;;;6285,71
30/05/2017;16,29;;;22310,6;19,875;18,19;;;;;6571,43
31/05/2017;16,37;;;22348,6;20,0625;17,8;;;;;6380,95
01/06/2017;16,38;;;22518,7;19,4375;17,5;;;;;6000
02/06/2017;16,32;;;22519;19,5625;17,92;;;;;6000
05/06/2017;16,3;;;22443,6;19,625;17,79;;;;;6095,24
06/06/2017;16,3;;;22355,6;19,75;17,87;;;;;6476,19
07/06/2017;16,27;;;22218,7;19,625;18,7;;;;;6380,95
08/06/2017;16,27;;;21928,8;19,8125;17,9;;;;;6666,67
09/06/2017;16,21;;;21614,3;19,8125;18,53;;;;;6571,43
12/06/2017;16,17;;;21145,1;19,5625;17,36;;;;;6800
13/06/2017;16,18;;;21394,9;19,8125;17,85;;;;;6800
14/06/2017;16,17;;;21178,4;19,9375;18,1;;;;;6800
15/06/2017;16,13;;;21009,4;19,75;18,15;;;;;7200
16/06/2017;16,2;;;21291,4;19,75;18,01;;;;;7100
19/06/2017;16,29;;;21657,2;19,625;17,93;;;;;7000
21/06/2017;16,39;;;20614,4;19,75;17,88;;;;;7000
22/06/2017;16,53;;;20996,9;19,8125;17,9;;;;;6800
23/06/2017;16,44;;;21066,1;20,0625;18,39;;;;;7100
26/06/2017;16,42;;;21297;19,875;17,98;;;;;7200
27/06/2017;16,55;;;21226,9;20,125;18,3;;;;;7000
28/06/2017;16,66;;;21394,3;19,9375;18,2;;;;;7000
29/06/2017;16,68;;;21460,8;20,25;18,04;;;;;6900
30/06/2017;16,75;;;21912,6;20,125;18,32;;;;;6900
03/07/2017;16,88;;;22217;19,6875;17,84;;;;;7200
04/07/2017;17,06;;;22385,8;20,1875;18,3;;;;;7100
05/07/2017;17,18;;;22415,8;19,875;18;;;;;7500
06/07/2017;17,4;;;22225,2;20,0625;17,86;;;;;8000
07/07/2017;17,38;;;22027,8;20;18,1;;;;;8000
10/07/2017;17,29;;;21956,6;20,125;18,49;;;;;7600
11/07/2017;17,28;;;22127,3;20,125;17,94;;;;;7300
12/07/2017;17,3;;;22262,6;19,75;17,48;;;;;7300
13/07/2017;17,26;;;21976,4;20;18,12;;;;;7000
14/07/2017;17,26;;;21880,2;20,0625;18,26;;;;;7100
17/07/2017;17,14;;;21296,5;20,1875;18,32;;;;;7100
18/07/2017;17,19;;;21075,3;20,3125;18,4;;;;;6800
19/07/2017;17,39;;;21450,4;20,125;18,15;;;;;6900
20/07/2017;17,46;;;21465,2;20,0625;17,96;;;;;6800
21/07/2017;17,46;;;21498,6;20,1875;18,13;;;;;6800
24/07/2017;17,66;;;21310,4;20,375;18,48;;;;;6800
25/07/2017;17,71;;;21243,3;20,625;18,34;;;;;6700
26/07/2017;17,66;;;21202,9;20,125;18,11;;;;;6900
27/07/2017;17,76;;;21294;20,375;18,29;;;;;7000
28/07/2017;17,86;;;21689,2;20,4375;18,51;;;;;7000
31/07/2017;18,01;;;21582,4;20,6875;18,52;;;;;7100
01/08/2017;17,94;;;21522,3;20,8125;18,67;;;;;7100
02/08/2017;17,87;;;21798,6;20,125;18,2;;;;;7100
03/08/2017;17,86;;;21779,5;20,6875;18,44;;;;;7200
04/08/2017;17,94;;;21703,9;20,375;18,3;;;;;7800
07/08/2017;17,94;;;21478,4;20,25;18,2;;;;;7800
08/08/2017;17,97;;;21255,7;21,1875;18,36;;;;;8000
09/08/2017;17,98;;;20925;20,875;18,59;;;;;7800
10/08/2017;17,99;;;21133;21;18,98;;;;;7600
11/08/2017;17,99;;;21633;20,375;17,93;;;;;7800
14/08/2017;17,99;;;22540;20,8125;18,59;;;;;7900
15/08/2017;17,47;;;22702,4;20,6875;18,6;;;;;7900
16/08/2017;17,35;;;22887,9;20,9375;18,75;;;;;7600
17/08/2017;17,47;;;22724,5;21,0625;18,83;;;;;7800
18/08/2017;17,62;;;22967,4;20,875;18,82;;;;;7500
22/08/2017;17,57;;;22900,2;20,875;18,75;;;;;7700
23/08/2017;17,5;;;23262,4;20,8125;18,85;;;;;7800
24/08/2017;17,51;;;23392,5;20,875;18,6;;;;;7600
25/08/2017;17,46;;;23501;20,75;18,6;;;;;7100
28/08/2017;17,49;;;23482,1;20,8125;18,97;;;;;7100
29/08/2017;17,49;;;23443,6;21,1875;18,96;;;;;7700
30/08/2017;17,65;;;23491,8;21,1875;19,1;;;;;7800
31/08/2017;17,66;;;23589;21,1875;19,03;;;;;7500
01/09/2017;17,61;;;23657,6;20,875;18,65;;;;;7400
04/09/2017;17,51;;;23707,8;20,75;18,86;;;;;7800
05/09/2017;17,55;;;24025,9;21,25;19,18;;;;;7700
06/09/2017;17,54;;;24164,9;21;18,93;;;;;7500
07/09/2017;17,49;;;24250,3;21,25;18,66;;;;;7400
08/09/2017;17,49;;;24018,1;21,25;18,88;;;;;7600
11/09/2017;17,48;;;24066,5;21,125;18,54;;;;;7600
12/09/2017;17,46;;;23529,2;21,3125;19,29;;;;;7300
13/09/2017;17,37;;;23836,6;21,25;19,23;;;;;7300
14/09/2017;17,34;;;23701,7;21,375;18,99;;;;;7600
15/09/2017;17,29;;;23715,5;21,375;19,31;;;;;7300
18/09/2017;17,27;;;23913,9;21,3125;19,15;;;;;7300
19/09/2017;17,36;;;24214,6;21,625;18,93;;;;;7300
20/09/2017;17,42;;;24334,8;21,625;19,25;;;;;7300
21/09/2017;17,42;;;24578,7;21,5625;19,17;;;;;7300
22/09/2017;17,56;;;24994,5;21,4375;19,28;;;;;7300
25/09/2017;17,59;;;25047,2;21,1875;19;;;;;7400
26/09/2017;17,76;;;25166,2;21,5;19,08;;;;;7400
27/09/2017;17,85;;;25271,2;21,5625;19,47;;;;;7300
28/09/2017;17,83;;;25597;21,5;19,68;;;;;7300
29/09/2017;17,79;;;26078,3;21,75;19,78;;;;;7300
02/10/2017;17,6;;;26350,8;21,125;19,18;;;;;7200
03/10/2017;17,69;;;26673;21,875;19,42;;;;;7000
04/10/2017;17,72;;;26476,8;21,25;19,3;;;;;6800
05/10/2017;17,64;;;27015,6;21,1875;19,33;;;;;7000
06/10/2017;17,66;;;26797,8;21,1875;19,14;;;;;7000
09/10/2017;17,76;;;27097,3;21,25;19,27;;;;;7000
10/10/2017;17,77;;;26889,8;22;20,17;;;;;7200
11/10/2017;17,73;;;27059,5;21,25;18,73;;;;;7100
12/10/2017;17,72;;;27140,8;21,625;19,27;;;;;7000
13/10/2017;17,73;;;26622,4;21,4375;19,78;;;;;7000
17/10/2017;17,65;;;26213,2;21,625;19,71;;;;;7200
18/10/2017;17,64;;;26804,6;21,8125;19,5;;;;;7100
19/10/2017;17,63;;;26979;21,625;19,38;;;;;7300
20/10/2017;17,72;;;27782,6;21,9375;19,48;;;;;7200
23/10/2017;17,74;;;28009,5;21,625;19,59;;;;;7200
24/10/2017;17,67;;;27878,2;22,125;19,73;;;;;7200
25/10/2017;17,77;;;27828,7;21,5625;19,41;;;;;7300
26/10/2017;17,76;;;27479,4;21,75;19,25;;;;;7500
27/10/2017;17,9;;;27405,8;22,0625;20,35;;;;;7600
30/10/2017;17,93;;;27935,3;22;20,38;;;;;7300
31/10/2017;17,96;;;27979,8;22,25;20,43;;;;;7400
01/11/2017;17,93;;;27944,5;21,75;19,75;;;;;7200
02/11/2017;17,93;;;27978,3;22,625;20,53;;;;;7300
03/11/2017;17,83;;;28120,2;22,0625;20,79;;;;;7100
07/11/2017;17,89;;;28081,6;22;20,37;;;;;7200
08/11/2017;17,93;;;27951,5;22,375;20,35;;;;;7200
09/11/2017;17,83;;;27080,6;22,4375;20,38;;;;;7300
10/11/2017;17,8;;;26714,9;22,1875;20,69;;;;;7300
13/11/2017;17,79;;;25611;22,5625;20,93;;;;;7200
14/11/2017;17,8;;;26312,7;22,625;20,66;;;;;7300
15/11/2017;17,75;;;27267,3;22,8125;20,86;;;;;7300
16/11/2017;17,79;;;27128,5;22,6875;20,94;;;;;7400
17/11/2017;17,78;;;27266,1;22,9375;21;;;;;7600
21/11/2017;17,77;;;27328;22,8125;21,02;;;;;7600
22/11/2017;17,78;;;27293,3;22,875;20,82;;;;;7700
23/11/2017;17,73;;;27464,8;22,9375;21,24;;;;;7700
24/11/2017;17,71;;;26912,2;22,5;20,73;;;;;7600
27/11/2017;17,66;;;26902,9;22,625;21,04;;;;;8000
28/11/2017;17,61;;;26905,3;22,8125;21,26;;;;;8400
29/11/2017;17,63;;;26941,6;22,9375;21,34;;;;;9800
30/11/2017;17,7;;;26834,3;23,3125;20,63;;;;;10300
01/12/2017;17,63;;;26483;22,4375;19,49;;;;;10500
04/12/2017;17,55;;;26470,5;23,125;21,47;;;;;11100
05/12/2017;17,61;;;26841,5;23,9375;21,73;;;;;11800
06/12/2017;17,63;;;27307,1;23,375;21,57;;;;;12500
07/12/2017;17,6;;;27341,6;22,875;21,45;;;;;11300
11/12/2017;17,6;;;27034,6;22,5625;20,95;;;;;10600
12/12/2017;17,56;;;27139,1;23,25;21,56;;;;;11000
13/12/2017;17,66;;;27021,9;23,375;21,39;;;;;11700
14/12/2017;17,64;;;27137,3;23,875;21,64;;;;;12600
15/12/2017;17,7;;;27706,7;23,375;21,54;;;;;12800
18/12/2017;17,81;;;28069;23,375;21,58;;;;;12800
19/12/2017;17,87;;;28480,7;23,1875;21,63;;;;;11600
20/12/2017;17,95;;;28931,5;24,3125;22,15;;;;;11200
21/12/2017;18,02;;;29185,6;23,4375;21,53;;;;;11300
22/12/2017;18,22;;;29193,5;23,3125;21,56;;;;;10600
26/12/2017;18,33;;;29974,5;23;21,57;;;;;10000
27/12/2017;18,61;;;31084,4;23;21,42;;;;;10400
28/12/2017;18,78;;;31476,3;23,125;18,55;;;;;10500
29/12/2017;19,46;;;31952;23,25;22,06;;;;;10400
02/01/2018;18,92;;;32190,3;23,0625;20,99;;;;;10300
03/01/2018;18,74;;;32351,2;23,25;21,8;;;;;10100
04/01/2018;18,78;;;32138,6;23,125;21,84;;;;;10700
05/01/2018;18,96;;;31632,4;23,1875;21,97;;;;;10600
08/01/2018;19,21;;;32078,2;22,875;21,76;;;;;11000
09/01/2018;19,34;;;32719,7;23,0625;21,72;;;;;10600
10/01/2018;19,29;;;33622,8;22,25;20,84;;;;;10500
11/01/2018;18,96;;;33521,6;22,8125;21,49;;;;;10500
12/01/2018;18,99;;;33598,2;22,9375;21,67;;;;;10600
15/01/2018;19,01;;;34049,4;23;21,7;;;;;10400
16/01/2018;19,05;;;33591,7;23,125;21,54;;;;;10000
17/01/2018;19,19;;;33525,5;22,9375;21,31;;;;;9900
18/01/2018;19,2;;;33893,4;23,25;21,53;;;;;10000
19/01/2018;19,15;;;34948,6;23,125;21,66;;;;;9700
22/01/2018;19,29;;;35141,7;22,875;21,16;;;;;9700
23/01/2018;19,42;;;35126,2;22,9375;21,57;;;;;9900
24/01/2018;19,66;;;34787,4;22,9375;21,7;;;;;9800
25/01/2018;19,93;;;34241,3;22,375;20,88;;;;;9900
26/01/2018;19,85;;;34938,6;22,8125;21,41;;;;;9300
29/01/2018;19,85;;;34641,4;23;19,62;;;;;9300
30/01/2018;19,88;;;32614,8;23,125;21,56;;;;;9300
31/01/2018;19,9;;;31145,6;23,1875;21,53;;;;;
01/02/2018;19,93;;;31624,2;22,6875;20,67;;;;;
02/02/2018;19,71;;;31626,7;22,8125;22,5;;;;;
05/02/2018;19,81;;;31021,6;22,6875;21,56;;;;;
06/02/2018;19,8;;;30143,4;22,8125;21,26;;;;;
07/02/2018;19,94;;;31551,3;22,5625;21,36;;;;;
08/02/2018;19,95;;;32023,6;23;21,43;;;;;
09/02/2018;20,22;;;32677,3;22,125;20,44;;;;;
14/02/2018;20,35;;;33281,3;22,75;21,33;;;;;
15/02/2018;20,23;;;32825,9;22,75;21,6;;;;;
16/02/2018;20;;;33042,3;22,75;21,07;;;;;
19/02/2018;20,02;;;33124,8;23,25;21,88;;;;;
20/02/2018;20,18;;;32742,4;23,1875;22,26;;;;;
21/02/2018;20,17;;;32918,2;22,8125;21,1;;;;;
22/02/2018;20,21;;;32516,3;22,875;21,38;;;;;
23/02/2018;20,27;;;33010,9;22,8125;21,83;;;;;
26/02/2018;20,28;;;32013;22,4375;21,09;;;;;
27/02/2018;20,48;;;31900,7;22,9375;21,78;;;;;
28/02/2018;20,49;;;32133,7;22,8125;21,55;;;;;
01/03/2018;20,42;;;32865;22,875;21,6;;;;;
02/03/2018;20,46;;;32743,6;22,9375;21,33;;;;;
05/03/2018;20,54;;;32822,6;22,75;20,97;;;;;
06/03/2018;20,52;;;33182,6;23,0625;21,6;;;;;
07/03/2018;20,61;;;33244;22,625;21,65;;;;;
08/03/2018;20,69;;;32980,1;22,8125;21,46;;;;;
09/03/2018;20,68;;;32824,5;22,75;21,58;;;;;
12/03/2018;20,54;;;32707,5;22,5625;20,82;;;;;
13/03/2018;20,51;;;32555,1;23;21,77;;;;;
14/03/2018;20,51;;;31724,4;23,0625;21,81;;;;;
15/03/2018;20,52;;;31797,6;22,5;19,11;;;;;
16/03/2018;20,61;;;32369,6;22,75;21,31;;;;;
19/03/2018;20,53;;;31908,2;22,8125;19,58;;;;;
20/03/2018;20,54;;;31461,3;22,9375;21,41;;;;;
21/03/2018;20,55;;;31636,6;23,3125;21,76;;;;;
22/03/2018;20,6;;;31236,1;23,125;21,91;;;;;
23/03/2018;20,57;;;31114,9;22,6875;21,04;;;;;
26/03/2018;20,5;;;31341,1;22,6875;21,67;;;;;
27/03/2018;20,47;;;31318,5;22,4375;21,44;;;;;
28/03/2018;20,48;;;31866,6;22,5625;20,12;;;;;
03/04/2018;20,44;;;31738,8;22,75;21,86;;;;;
04/04/2018;20,44;;;31844,4;22,8125;20,75;;;;;
05/04/2018;20,49;;;32222,4;22,875;21,62;;;;;
06/04/2018;20,5;;;32030,9;22,625;21,94;;;;;
09/04/2018;20,5;;;32038,8;22,6875;21,47;;;;;
10/04/2018;20,5;;;31593,1;22,875;21,46;;;;;
11/04/2018;20,5;;;31007,8;22,5;20,7;;;;;
12/04/2018;20,47;;;31402,8;22,8125;21,65;;;;;
13/04/2018;20,48;;;31531,9;22,8125;21,66;;;;;
16/04/2018;20,5;;;31281,3;22,75;21,31;;;;;
17/04/2018;20,51;;;31161,7;23,5;22,39;;;;;
18/04/2018;20,49;;;30941,1;23;19,28;;;;;
19/04/2018;20,45;;;30568,9;22,75;21,26;;;;;
20/04/2018;20,47;;;29946,8;23;21,7;;;;;
23/04/2018;20,48;;;29487,8;22,6875;21,18;;;;;
24/04/2018;20,51;;;30006,4;23,0625;21,77;;;;;
25/04/2018;20,54;;;29614;22,75;21,87;;;;;
26/04/2018;20,56;;;29503,4;22,4375;21,52;;;;;
27/04/2018;20,84;;;28553,3;22,8125;20,01;;;;;
02/05/2018;20,88;;;27512,6;23,5;21,98;;;;;
03/05/2018;21,52;;;26276,5;23,75;22,32;;;;;
04/05/2018;22,99;;;27907,9;25,75;22,34;;;;;
07/05/2018;22,28;;;29600,7;26,0625;23,9;;;;;
08/05/2018;22,33;;;29852,1;28,25;24,99;;;;;
09/05/2018;22,9;;;30441,6;28,6875;24,72;;;;;
10/05/2018;23,13;;;30676,9;29,0625;25,84;;;;;
11/05/2018;23,22;;;31660,6;28,625;24,64;;;;;
14/05/2018;23,73;;;31806,2;28,6875;26,09;;;;;
15/05/2018;25,51;;;31869,8;31,125;27;;;;;
16/05/2018;24,68;;;31632,5;29,25;20,51;;;;;
17/05/2018;24,8;;;30991,4;30,125;27,84;;;;;
18/05/2018;24,89;;;30234;29,25;26,34;;;;;
21/05/2018;25,05;;;29664,9;29;26,22;;;;;
22/05/2018;24,9;;;28653,8;29,5;27,27;;;;;
23/05/2018;24,86;;;28325,6;28,1875;25,91;;;;;
24/05/2018;24,99;;;28389,4;28,5;26,54;;;;;
28/05/2018;25,16;;;28558,8;28,25;23,05;;;;;
29/05/2018;25,25;;;28436,8;29;26,25;;;;;
30/05/2018;25,47;;;29036,2;29,4375;26,98;;;;;
31/05/2018;25,49;;;30359,3;30;27,3;;;;;
01/06/2018;25,51;;;30428;29,25;27,08;;;;;
04/06/2018;25,57;;;30177,8;28,8125;25,86;;;;;
05/06/2018;25,55;;;31444,1;29,4375;26,75;;;;;
06/06/2018;25,55;;;31703,9;29,3125;26,96;;;;;
07/06/2018;25,47;;;30749,1;29,1875;27,21;;;;;
08/06/2018;25,54;;;30228,4;29,4375;26,76;;;;;
11/06/2018;25,95;;;30114,9;28,9375;25,83;;;;;
12/06/2018;26,44;;;30147,7;29,75;26,7;;;;;
13/06/2018;26,38;;;27656,6;29,8125;27,11;;;;;
14/06/2018;26,69;;;29118,5;29,4375;27,03;;;;;
15/06/2018;28,43;;;30869,4;29,3125;26,75;;;;;
18/06/2018;28,85;;;30210,6;30,6875;27,5;;;;;
19/06/2018;28,41;;;28825,1;31,75;29,34;;;;;
21/06/2018;28,46;;;28473,5;32,0625;28,83;;;;;
22/06/2018;28,19;;;25921,1;31,75;28,88;;;;;
25/06/2018;27,76;;;26789,4;32,875;30,94;;;;;
26/06/2018;27,66;;;26037;32,375;28,97;;;;;
27/06/2018;27,73;;;25298;31,875;29,01;;;;;
28/06/2018;28,05;;;27092,2;32,5625;20,53;;;;;
29/06/2018;28,68;;;27702,9;32,6875;29,91;;;;;
02/07/2018;29,57;;;27813,2;33;30,41;;;;;
03/07/2018;29,04;;;27611;33,75;27,86;;;;;
04/07/2018;28,67;;;27635,2;33,375;29,61;;;;;
05/07/2018;28,78;;;27231,8;33,9375;30,68;;;;;
06/07/2018;28,75;;;26704,9;33,8125;32,25;;;;;
10/07/2018;28,62;;;26514,2;33,375;30,8;;;;;
11/07/2018;28,05;;;26263,7;33,5;30,58;;;;;
12/07/2018;28,19;;;26765,1;33,75;31,57;;;;;
13/07/2018;27,92;;;27044,5;34,8125;29,79;;;;;
16/07/2018;27,94;;;26814,4;34,375;31,37;;;;;
17/07/2018;28;;;27625,3;34,6875;31,72;;;;;
18/07/2018;28,16;;;27703,7;36,0625;32,22;;;;;
19/07/2018;28,32;;;28272,5;36,125;33,38;;;;;
20/07/2018;28,36;;;29363,5;35,5625;32,47;;;;;
23/07/2018;28,27;;;29204,9;34,5625;31,73;;;;;
24/07/2018;28,27;;;29259;35,125;28,26;;;;;
25/07/2018;28,14;;;29232,1;35,25;33,01;;;;;
26/07/2018;28,03;;;29287,3;35,1875;34,34;;;;;
27/07/2018;28,04;;;29387,8;34,3125;31,59;;;;;
30/07/2018;28,01;;;28882,9;35,1875;34,57;;;;;
31/07/2018;28,02;;;29216;35,1875;32,32;;;;;
01/08/2018;28,03;;;28894;35,125;32,66;;;;;
02/08/2018;28,23;;;27783,4;34,9375;29,38;;;;;
03/08/2018;28,17;;;26674,9;34,375;29,84;;;;;
06/08/2018;28,01;;;26906,3;34,5625;34,12;;;;;
07/08/2018;28,04;;;26856,2;34,8125;32,81;;;;;
08/08/2018;28,03;;;26062;34;32,3;;;;;
09/08/2018;28,23;;;26536,6;34,5625;31,39;;;;;
10/08/2018;28,7;;;27008,2;33,75;30,94;;;;;
13/08/2018;29,8;;;26938,8;34,75;31,1;;;;;
14/08/2018;30,68;;;26238,8;35,5;32,67;;;;;
15/08/2018;30,38;;;26045,9;36;32,59;;;;;
16/08/2018;30,68;;;26844,4;35,4375;32,88;;;;;
17/08/2018;30,39;;;26523,2;35,625;32,49;;;;;
21/08/2018;30,43;;;25168;35,4375;33,08;;;;;
22/08/2018;30,55;;;25435,4;34,25;32;;;;;
23/08/2018;30,82;;;25033;35,4375;29,61;;;;;
24/08/2018;30,98;;;25398,4;35,0625;32,9;;;;;
27/08/2018;31,47;;;26754,9;34,625;31,2;;;;;
28/08/2018;31,54;;;29293,5;34,875;32,4;;;;;
29/08/2018;32,06;;;28807,3;35,0625;29,25;;;;;
30/08/2018;34,4;;;27625,4;36,0625;33,15;;;;;
31/08/2018;39,78;;;28769,1;39,4375;35,41;;;;;
03/09/2018;38;;;29948,4;39;32,7;;;;;
04/09/2018;38,99;;;29811,2;40,0625;35,07;;;;;
05/09/2018;39,69;;;29455,2;40,3125;35,49;;;;;
06/09/2018;39,25;;;29163,6;40,5625;37,59;;;;;
07/09/2018;38,32;;;29744,7;40,5625;38,03;;;;;
10/09/2018;37,81;;;30023,8;39,9375;36,13;;;;;
11/09/2018;38,18;;;30177,4;40,5;34,82;;;;;
12/09/2018;38,71;;;31157,4;40,5;37,6;;;;;
13/09/2018;39,08;;;32106,3;41;35,33;;;;;
14/09/2018;40,22;;;33118,4;40,8125;37,21;;;;;
17/09/2018;40,51;;;34514,2;42,4375;37,92;;;;;
18/09/2018;40,41;;;34327,1;43,25;39,65;;;;;
19/09/2018;40,5;;;33163,6;45,4375;44,97;;;;;
20/09/2018;40,12;;;34052,6;43,9375;42,67;;;;;
21/09/2018;38,98;;;33943,3;42,6875;38,62;;;;;
24/09/2018;38,14;;;33651,3;43,125;36,73;;;;;
25/09/2018;38,18;;;33461,8;44,5;41,91;;;;;
26/09/2018;38,88;;;32584,9;42,4375;40,45;;;;;
27/09/2018;39,44;;;32730,4;42,75;42,37;;;;;
28/09/2018;40,53;;;32201,5;43,3125;37,22;;;;;
01/10/2018;41,89;;;30928,8;45,4375;41,61;;;;;
02/10/2018;40,74;;;30168,7;47,875;43,28;;;;;
03/10/2018;39,07;;;30547,1;47,25;38,75;;;;;
04/10/2018;38,73;;;29612,5;48,6875;45,29;;;;;
05/10/2018;39,45;;;28549,8;48,6875;42,63;;;;;
08/10/2018;38,91;;;27613,1;49;46,28;;;;;
09/10/2018;38,56;;;29598,2;50,1875;45,65;;;;;
10/10/2018;38,18;;;29430,6;48,8125;44,5;;;;;
11/10/2018;38,17;;;28721,4;48,6875;44,88;;;;;
12/10/2018;37,77;;;28370,5;51,375;45,9;;;;;
16/10/2018;37,6;;;28673,3;49,8125;43,84;;;;;
17/10/2018;37,11;;;28567,8;52,8125;47,44;;;;;
18/10/2018;37,29;;;28359,7;53,4375;48,48;;;;;
19/10/2018;37,51;;;28157,4;53,25;51,87;;;;;
22/10/2018;37,53;;;29335;51,1875;47,61;;;;;
23/10/2018;37,42;;;29369,9;52,5625;48,48;;;;;
24/10/2018;37,58;;;28898,2;51,5;41,62;;;;;
25/10/2018;37,88;;;29425,8;53,8125;48,98;;;;;
26/10/2018;37,79;;;29491,1;50,25;51,34;;;;;
29/10/2018;37,85;;;31308,6;51,4375;50,81;;;;;
30/10/2018;37,77;;;31419,3;53,25;47,33;;;;;
31/10/2018;37,78;;;31429,3;51,5;47,95;;;;;
01/11/2018;36,98;;;31404,7;53,625;48,83;;;;;
02/11/2018;36,78;;;30736,4;51,25;48,73;;;;;
05/11/2018;36,6;;;29912,5;51,6875;47,6;;;;;
07/11/2018;36,6;;;29423,3;52,125;48,7;;;;;
08/11/2018;36,72;;;28543,4;52,0625;47,58;;;;;
09/11/2018;36,53;;;29372,5;50,9375;46,03;;;;;
12/11/2018;36,38;;;30473,8;51,875;47,54;;;;;
13/11/2018;36,42;;;31109,3;51,25;47,53;;;;;
14/11/2018;36,97;;;29714,7;53,0625;47,68;;;;;
15/11/2018;37;;;30262,9;52,25;47,48;;;;;
16/11/2018;36,98;;;30274,5;51,5625;46,9;;;;;
20/11/2018;36,98;;;30723,5;51,125;51,18;;;;;
21/11/2018;37,17;;;31131,9;50,3125;47,26;;;;;
22/11/2018;37,25;;;30921,1;50,4375;47,57;;;;;
23/11/2018;37,43;;;31138,7;50,0625;47,55;;;;;
26/11/2018;38,51;;;31482,6;48,8125;48,69;;;;;
27/11/2018;39,97;;;31888,8;51,625;47,39;;;;;
28/11/2018;39,58;;;31958,3;50,625;42,74;;;;;
29/11/2018;39,54;;;31779,9;51,25;47,38;;;;;
03/12/2018;38,81;;;32019,8;49,25;44,12;;;;;
04/12/2018;37,62;;;31550,4;50,1875;47,14;;;;;
05/12/2018;38,32;;;30753,5;49,1875;45,77;;;;;
06/12/2018;38,68;;;30941,1;49,25;46,46;;;;;
07/12/2018;38,67;;;31081,4;48,875;47,35;;;;;
10/12/2018;38,31;;;31019,8;48;43,78;;;;;
11/12/2018;38,75;;;31109,5;49,625;46,02;;;;;
12/12/2018;38,75;;;29888;47,8125;45,21;;;;;
13/12/2018;38,62;;;29777,3;48,5625;45,48;;;;;
14/12/2018;38,8;;;29968,3;47,3125;45,05;;;;;
17/12/2018;39,03;;;29242,8;48,5;44,4;;;;;
18/12/2018;39,22;;;28456,9;48,0625;45,97;;;;;
19/12/2018;39,19;;;28473,4;49,5625;47,33;;;;;
20/12/2018;39,33;;;29519,4;48,5625;46,78;;;;;
21/12/2018;39,05;;;30292,6;47,9375;48,64;;;;;
26/12/2018;39,03;;;31096,6;47;44,86;;;;;
27/12/2018;39,48;;;31065,1;48,25;44,78;;;;;
28/12/2018;39,4;;;32303,1;49,5;41,84;;;;;
02/01/2019;38,85;;;33010,5;47;44,98;;;;;
03/01/2019;38,74;;;32914,9;47,5;45,43;;;;;
04/01/2019;38,51;;;33769,4;46,9375;45,49;;;;;
07/01/2019;38,41;;;34167,5;47,25;45,27;;;;;
08/01/2019;38,4;;;33884,6;47,0625;47,65;;;;;
09/01/2019;38,63;;;33771,2;45,9375;42,46;;;;;
10/01/2019;38,5;;;33562,5;46,5625;46,13;;;;;
11/01/2019;38,16;;;34048;45,625;44,08;;;;;
14/01/2019;38,03;;;34262,7;45,875;43,38;;;;;
15/01/2019;38,06;;;35100,5;46,5;43,71;;;;;
16/01/2019;38,2;;;35303,3;45,625;43,24;;;;;
17/01/2019;38,47;;;34042,8;45,75;43,7;;;;;
18/01/2019;38,74;;;34819,1;46;44,09;;;;;
21/01/2019;38,56;;;34939,1;45,125;43,11;;;;;
22/01/2019;38,69;;;34810,5;45,5625;43,77;;;;;
23/01/2019;38,53;;;34840,8;45,8125;43,66;;;;;
24/01/2019;38,58;;;35511,2;45,375;43,57;;;;;
25/01/2019;38,48;;;36039,1;44,625;42,55;;;;;
28/01/2019;38,19;;;36326,9;44,5;42,98;;;;;
29/01/2019;38,14;;;36599,9;44,625;42,78;;;;;
30/01/2019;38,57;;;37145;44,0625;42,24;;;;;
31/01/2019;38,59;;;37471,7;44,5625;43,15;;;;;
01/02/2019;38,28;;;36731,7;42,5625;39,88;;;;;
04/02/2019;38,31;;;35929;42,375;42,16;;;;;
05/02/2019;38,26;;;36664,2;41,4375;41,29;;;;;
06/02/2019;38,25;;;37023,7;40,8125;41,16;;;;;
07/02/2019;38,4;;;37686;39,4375;39,36;;;;;
08/02/2019;38,91;;;37038,9;38,125;37;;;;;
11/02/2019;38,9;;;37385,8;37,375;37,51;;;;;
12/02/2019;39,07;;;37470;36,625;37,03;;;;;
13/02/2019;38,94;;;37355,2;35,875;36,73;;;;;
14/02/2019;39,2;;;36292,3;36,0625;35,46;;;;;
15/02/2019;39,3;;;36503,5;35,375;34,67;;;;;
18/02/2019;39,51;;;35852,1;35,25;34,62;;;;;
19/02/2019;39,8;;;36646,8;35,375;34,45;;;;;
20/02/2019;40,32;;;36332;35,1875;34,59;;;;;
21/02/2019;40,71;;;36026,6;35,9375;34,41;;;;;
22/02/2019;40,54;;;35345,5;36,5625;35,07;;;;;
25/02/2019;40,21;;;34485,8;36;34,66;;;;;
26/02/2019;40,01;;;33834,9;37,375;38,29;;;;;
27/02/2019;39,95;;;32340,4;36,8125;35,42;;;;;
28/02/2019;39,83;;;33189,9;37,125;34,8;;;;;
01/03/2019;40,14;;;33020,1;36,625;35,48;;;;;
06/03/2019;40,84;;;33790,7;36,5625;34,49;;;;;
07/03/2019;41,71;;;33681,3;37,3125;35,22;;;;;
08/03/2019;43,41;;;34023;39,125;37,13;;;;;
11/03/2019;42,27;;;33530,5;39,5625;36,32;;;;;
12/03/2019;42,29;;;33933,1;40,8125;38,23;;;;;
13/03/2019;42,52;;;34939,3;40,75;38;;;;;
14/03/2019;42,3;;;34373,2;41,3125;38,76;;;;;
15/03/2019;41,76;;;34743,9;43,5;40,61;;;;;
18/03/2019;41,13;;;34186,1;42,25;38,88;;;;;
19/03/2019;41,02;;;32828;43,125;39,95;;;;;
20/03/2019;41,59;;;33166,3;42,0625;39,75;;;;;
21/03/2019;41,95;;;32627,6;43,25;40,2;;;;;
22/03/2019;42,02;;;32174,7;43;39,47;;;;;
25/03/2019;42,86;;;32892,2;44,1875;41,18;;;;;
26/03/2019;42,99;;;33466;44,125;42,67;;;;;
27/03/2019;43,67;;;33006,8;43,25;40,3;;;;;
28/03/2019;44,92;;;31765,1;45,3125;43,49;;;;;
29/03/2019;44,65;;;32142,5;45,6875;42,25;;;;;
01/04/2019;44,4;;;32666,9;46,125;43,47;;;;;
03/04/2019;43,86;;;33080,9;48,5;45,33;;;;;
04/04/2019;43,84;;;31743,4;48,5;46,78;;;;;
05/04/2019;44,41;;;32154,5;47,25;43,24;;;;;
08/04/2019;44,96;;;31501;47,6875;45,27;;;;;
09/04/2019;44,84;;;31357;48,8125;45,51;;;;;
10/04/2019;44,5;;;31745,6;47,8125;43,77;;;;;
11/04/2019;44,07;;;32290,2;48,8125;46,4;;;;;
12/04/2019;43,87;;;32036,8;48,125;45,65;;;;;
15/04/2019;43,29;;;30786,6;48,3125;47;;;;;
16/04/2019;42,65;;;30926,7;49,125;46,75;;;;;
17/04/2019;43,38;;;29746,6;48,125;44,82;;;;;
22/04/2019;42,98;;;29556,8;48,125;45,46;;;;;
23/04/2019;43,69;;;30001,1;49,5625;47,79;;;;;
24/04/2019;43,52;;;28827,4;48,625;48,85;;;;;
25/04/2019;44,92;;;29571,4;49,3125;48,87;;;;;
26/04/2019;46,09;;;30817;49,25;46,43;;;;;
29/04/2019;46,9;;;32412,3;50;46,67;;;;;
30/04/2019;45,6;;;33001,1;53,375;50,47;;;;;
02/05/2019;45,36;;;32741,1;50,375;48,03;;;;;
03/05/2019;46,02;;;33776;52,125;48,82;;;;;
06/05/2019;45,55;;;34119,1;52;48,35;;;;;
07/05/2019;45,93;;;33393,8;53,3125;50,72;;;;;
08/05/2019;46,36;;;32300,3;52;50,86;;;;;
09/05/2019;46,33;;;32510,8;52,5;49,6;;;;;
10/05/2019;46,49;;;33218,1;51,875;48,04;;;;;
13/05/2019;46,04;;;33892,2;52,5625;49,74;;;;;
14/05/2019;46,39;;;33315,7;53,5625;50,81;;;;;
15/05/2019;46,16;;;33492,5;52,625;51,63;;;;;
16/05/2019;46,16;;;34481,3;52,1875;49,93;;;;;
17/05/2019;46;;;34578,8;51,9375;48,52;;;;;
20/05/2019;46,2;;;34378,6;53,6875;50,7;;;;;
21/05/2019;46,42;;;35084,9;53,6875;53,14;;;;;
22/05/2019;46,04;;;35448,5;52,3125;49,58;;;;;
23/05/2019;46,05;;;34643,5;53,4375;50,94;;;;;
24/05/2019;46,26;;;33967,3;53;51,6;;;;;
27/05/2019;46,06;;;34239,3;52,625;50,42;;;;;
28/05/2019;46,09;;;33949,5;52,625;51,35;;;;;
29/05/2019;45,88;;;33765,2;52,8125;50,52;;;;;
30/05/2019;45,78;;;34700,8;52,6875;51,15;;;;;
31/05/2019;45,64;;;35275,9;53;51,15;;;;;
03/06/2019;46,1;;;35733,7;52,9375;51,1;;;;;
04/06/2019;46,13;;;35662,9;53,3125;51,12;;;;;
05/06/2019;45,96;;;36452,8;52,6875;48,45;;;;;
06/06/2019;46,08;;;38283,3;52,9375;51,03;;;;;
07/06/2019;46,12;;;40698,2;52,6875;51,9;;;;;
10/06/2019;46,12;;;40646,3;52,125;49,19;;;;;
11/06/2019;46,14;;;40487,6;52,3125;50,74;;;;;
12/06/2019;45,94;;;40687,5;51,8125;50,27;;;;;
13/06/2019;44,88;;;39861,8;51,3125;50,44;;;;;
14/06/2019;44,62;;;40294,8;51,0625;51,39;;;;;
18/06/2019;45,17;;;40112;50,8125;49,05;;;;;
19/06/2019;44,71;;;40292,3;50,75;49,57;;;;;
21/06/2019;44,5;;;39916,8;49,9375;49,73;;;;;
24/06/2019;44,08;;;41128,4;49,75;50,48;;;;;
25/06/2019;43,67;;;41796,4;48,3125;49,33;;;;;
26/06/2019;43,48;;;41507,5;48,1875;47,93;;;;;
27/06/2019;43,95;;;41793,1;47,6875;48,89;;;;;
28/06/2019;43,94;;;41304,3;47,5;48,47;;;;;
01/07/2019;43,7;;;41380,4;47,6875;47,79;;;;;
02/07/2019;43,48;;;41755,7;48;48,82;;;;;
03/07/2019;43,45;;;42807,1;48,4375;47,42;;;;;
04/07/2019;43,25;;;42856,3;48,4375;47,41;;;;;
05/07/2019;42,89;;;42753,1;48,0625;45,76;;;;;
10/07/2019;43,1;;;41256,6;47,8125;46,83;;;;;
11/07/2019;43,09;;;41788,3;48,5;47,12;;;;;
12/07/2019;42,91;;;41451,3;47,5625;47,12;;;;;
15/07/2019;42,85;;;40752,8;48,125;47,14;;;;;
16/07/2019;43,41;;;40161,6;47,625;47,67;;;;;
17/07/2019;43,78;;;38730;48,0625;47,25;;;;;
18/07/2019;43,71;;;39203,9;47,8125;45,75;;;;;
19/07/2019;43,61;;;39784,9;48,25;47,9;;;;;
22/07/2019;43,62;;;39884,4;47,9375;46,24;;;;;
23/07/2019;43,61;;;41983,7;50,25;49,33;;;;;
24/07/2019;43,87;;;42785,5;49,125;48,46;;;;;
25/07/2019;44,06;;;42463,2;50,8125;49,03;;;;;
26/07/2019;44,56;;;42057,8;49,375;46,62;;;;;
29/07/2019;44,52;;;41411;49,5;48,55;;;;;
30/07/2019;44,93;;;41359,2;50,125;47,81;;;;;
31/07/2019;45,06;;;40873,4;49,625;48,29;;;;;
01/08/2019;45,02;;;41317;49,8125;49,5;;;;;
02/08/2019;45,55;;;40949,3;49,8125;48,81;;;;;
05/08/2019;45,89;;;41093,5;50,4375;47,52;;;;;
06/08/2019;46,69;;;44355,1;51,5625;49,22;;;;;
07/08/2019;46,48;;;27530,8;52,375;50,33;;;;;
08/08/2019;46,8;;;30344,6;52;49,45;;;;;
09/08/2019;46,47;;;29920,7;51,25;49,13;;;;;
12/08/2019;46,55;;;31039,3;53,125;50,63;;;;;
13/08/2019;57,3;;;30406,7;57,5;54,8;;;;;
14/08/2019;58,33;;;27230,6;58,125;55,49;;;;;
15/08/2019;62,18;;;27977,7;57,5625;55,53;;;;;
16/08/2019;59,72;;;27983;57,875;55,31;;;;;
20/08/2019;58,12;;;26586;57,375;53,89;;;;;
21/08/2019;57,38;;;25848,3;57,125;51,44;;;;;
22/08/2019;57,27;;;24622,5;58,9375;56,51;;;;;
23/08/2019;57,24;;;25458;58,125;56,06;;;;;
26/08/2019;57,31;;;23984,8;57,75;55,41;;;;;
27/08/2019;57,21;;;24608,6;60;56,33;;;;;
28/08/2019;58,66;;;26195,4;57,9375;57,35;;;;;
29/08/2019;60,17;;;23079,3;57,5625;52,47;;;;;
30/08/2019;60,3;;;24664,6;58,0625;56,73;;;;;
02/09/2019;62,04;;;26932,1;59,1875;59,89;;;;;
03/09/2019;58,41;;;27659,7;60,6875;57,5;;;;;
04/09/2019;58,49;;;27176,4;59,875;54,32;;;;;
05/09/2019;58,06;;;28432,2;60,4375;57,64;;;;;
06/09/2019;58,21;;;28617,9;60,9375;57,53;;;;;
09/09/2019;58,02;;;29114,8;59,1875;57,51;;;;;
10/09/2019;58,15;;;30136,3;61;56,86;;;;;
11/09/2019;58,13;;;30561,3;60,4375;58,59;;;;;
12/09/2019;58,24;;;30150,7;60,5;58,55;;;;;
13/09/2019;58,41;;;30071,1;60,75;58,53;;;;;
16/09/2019;58,44;;;30414,4;60,1875;56,71;;;;;
17/09/2019;58,77;;;30060,5;60,125;58,43;;;;;
18/09/2019;59,07;;;29152,1;60,4375;58,77;;;;;
19/09/2019;59,15;;;27819,8;59,875;56,82;;;;;
20/09/2019;59,07;;;28212,4;59,375;52,48;;;;;
23/09/2019;59,08;;;28168;59,8125;57,53;;;;;
24/09/2019;59,32;;;28877,5;59,25;59,31;;;;;
25/09/2019;59,34;;;29067;58,875;57,26;;;;;
26/09/2019;59,34;;;30066,1;59,5625;57,89;;;;;
27/09/2019;59,51;;;30792,1;59,625;57,9;;;;;
30/09/2019;59,56;;;30365,9;58,875;57,75;;;;;
01/10/2019;59,82;;;31816,5;59,9375;58,56;;;;;
02/10/2019;60,1;;;30940,9;59,375;59,33;;;;;
03/10/2019;60,22;;;30257,3;59,1875;57,42;;;;;
04/10/2019;60,23;;;30338,2;57,875;53,41;;;;;
07/10/2019;60,09;;;31743,2;57,75;55,65;;;;;
08/10/2019;60,19;;;31798,1;57,9375;57,62;;;;;
09/10/2019;60,24;;;31333,7;56,6875;55,29;;;;;
10/10/2019;60,3;;;30759,2;57,1875;54,08;;;;;
11/10/2019;60,31;;;31995,1;55,5;55,32;;;;;
15/10/2019;60,31;;;31968,5;55,6875;55,06;;;;;
16/10/2019;60,44;;;32550,7;54,8125;53,07;;;;;
17/10/2019;60,54;;;33262,6;55,0625;54,57;;;;;
18/10/2019;60,59;;;32775,1;55,25;54,96;;;;;
21/10/2019;60,73;;;33476,2;53,875;49,97;;;;;
22/10/2019;61;;;34522,3;55,0625;54,64;;;;;
23/10/2019;61,33;;;33177,2;54,375;52,78;;;;;
24/10/2019;62,37;;;32544,2;53,4375;53,19;;;;;
25/10/2019;63,34;;;33889;50,25;52,5;;;;;
28/10/2019;65;;;34995,2;53,5625;52,83;;;;;
29/10/2019;63,46;;;35743;51,125;51,6;;;;;
30/10/2019;63,42;;;37278,5;50,0625;49,41;;;;;
31/10/2019;63,43;;;36870;48,6875;48,91;;;;;
01/11/2019;63,23;;;35500,5;48,4375;48,68;;;;;
04/11/2019;63,35;;;35869,2;47,6875;46,09;;;;;
05/11/2019;63,33;;;34131,1;47,625;47,31;;;;;
07/11/2019;63,26;;;33661,1;46,5;46,04;;;;;
08/11/2019;63,22;;;33430,1;47,5;45,94;;;;;
11/11/2019;63,05;;;32340,7;46,5;46,4;;;;;
12/11/2019;63,07;;;31019,7;46,4375;45,9;;;;;
13/11/2019;62,99;;;31851,6;46,25;45,78;;;;;
14/11/2019;63;;;32252,8;45,6875;45,01;;;;;
15/11/2019;62,97;;;33421,1;47,1875;44,72;;;;;
19/11/2019;62,93;;;33247,4;45,375;45,01;;;;;
20/11/2019;62,9;;;33588,8;45,125;42,57;;;;;
21/11/2019;62,9;;;33494,7;45,3125;44,69;;;;;
22/11/2019;62,91;;;32113,3;45,0625;44,63;;;;;
25/11/2019;62,9;;;33929,7;44,5625;44,59;;;;;
26/11/2019;62,91;;;34219,8;45,375;44,62;;;;;
27/11/2019;62,87;;;34500,2;44,375;44,13;;;;;
28/11/2019;62,87;;;33446,9;44,5625;44,33;;;;;
29/11/2019;62,88;;;32756,7;44,1875;43,99;;;;;
02/12/2019;62,93;;;34691,6;44,1875;44,39;;;;;
03/12/2019;62,93;;;35443,1;44,3125;42,88;;;;;
04/12/2019;62,9;;;36562;43,5;41,2;;;;;
05/12/2019;62,94;;;36409,1;43,9375;43,51;;;;;
06/12/2019;62,94;;;34657,4;42,6875;43,31;;;;;
09/12/2019;62,94;;;35019,5;42,5;41,36;;;;;
10/12/2019;62,99;;;35504,6;42,875;42,28;;;;;
11/12/2019;63,04;;;36769,6;42,3125;41,63;;;;;
12/12/2019;63,08;;;37620,1;42,3125;41,64;;;;;
13/12/2019;63,09;;;36918,8;41,875;42,25;;;;;
16/12/2019;63,07;;;37620,2;41,625;41,14;;;;;
17/12/2019;63,09;;;38083;41,25;41,39;;;;;
18/12/2019;63,09;;;38632,4;41,625;41,61;;;;;
19/12/2019;63,08;;;39915,3;40,875;40,74;;;;;
20/12/2019;63,08;;;42278,5;40,5;37,72;;;;;
23/12/2019;62,99;;;41681,9;40,75;39,85;;;;;
26/12/2019;63;;;41671,4;40,25;38,13;;;;;
27/12/2019;62,99;;;41107;40,3125;38,18;;;;;
30/12/2019;62,99;;;40499,2;39,4375;37,8;;;;;
02/01/2020;62,99;;;41469,7;38,875;37;;;;;
03/01/2020;63;;;41115,7;38,75;36,36;;;;;
06/01/2020;62,98;;;41016;38,75;36,14;;;;;
07/01/2020;62,99;;;42035,7;38,25;37,16;;;;;
08/01/2020;62,99;;;42740,4;37,5625;35,45;;;;;
09/01/2020;62,99;;;42017,8;38;36,86;;;;;
10/01/2020;62,98;;;41633,7;37,5625;36,58;;;;;
13/01/2020;62,96;;;41246,2;37,125;35,54;;;;;
14/01/2020;62,96;;;42362,3;36,5;36,04;;;;;
15/01/2020;62,97;;;42339,8;36,3125;34,7;;;;;
16/01/2020;62,98;;;43054;36,125;35,64;;;;;
17/01/2020;62,97;;;41485,9;35,375;35,48;;;;;
20/01/2020;62,97;;;42002,3;35,375;33,49;;;;;
21/01/2020;62,97;;;41140,2;34,9375;34,92;;;;;
22/01/2020;62,98;;;39917,8;34,9375;34,39;;;;;
23/01/2020;62,98;;;39604,6;34,5625;34,16;;;;;
24/01/2020;62,98;;;40829,7;34,875;33,57;;;;;
27/01/2020;62,98;;;40341,4;34,3125;32,92;;;;;
28/01/2020;62,97;;;40395;34,5;33,72;;;;;
29/01/2020;63,07;;;40105;34,3125;33,45;;;;;
30/01/2020;62,97;;;41577,1;34,3125;33,63;;;;;
31/01/2020;62,97;;;41033,8;34;33,36;;;;;
03/02/2020;63,03;;;40767,1;34,3125;32,77;;;;;
04/02/2020;63,05;;;40906,1;34,6875;33,44;;;;;
05/02/2020;63,07;;;41213,9;34,25;33,11;;;;;
06/02/2020;63,1;;;41053;34,6875;33,47;;;;;
07/02/2020;63,01;;;39824,5;34,125;32,07;;;;;
10/02/2020;63,05;;;39936,2;34,5;33,3;;;;;
11/02/2020;63,31;;;38669,5;35,1875;33,91;;;;;
12/02/2020;63,46;;;38647,7;34,375;32,44;;;;;
13/02/2020;63,62;;;39200,3;35,25;33,43;;;;;
14/02/2020;63,66;;;38157;34,0625;32,08;;;;;
17/02/2020;63,73;;;38390,8;33,9375;33,19;;;;;
18/02/2020;63,78;;;38961,4;32,875;32,96;;;;;
19/02/2020;63,66;;;38602,5;33,4375;30,62;;;;;
20/02/2020;63,71;;;36422,2;33;32,25;;;;;
21/02/2020;63,87;;;35387,1;31,875;31,14;;;;;
26/02/2020;63,99;;;34973,2;31,125;29,64;;;;;
27/02/2020;64,09;;;36253,3;31,0625;30,51;;;;;
28/02/2020;64,03;;;35999,2;31,8125;30,36;;;;;
02/03/2020;64,26;;;37243,4;31;29,92;;;;;
03/03/2020;64,39;;;36772,2;31,1875;30,25;;;;;
04/03/2020;64,51;;;35222,4;30,5;28,87;;;;;
05/03/2020;64,53;;;30379,9;30,4375;29,2;;;;;
06/03/2020;64,41;;;32832,3;29,875;27,89;;;;;
09/03/2020;64,71;;;31419,6;29,5625;27,88;;;;;
10/03/2020;64,71;;;28351,9;29,75;28,71;;;;;
11/03/2020;64,72;;;28448;29,8125;28,94;;;;;
12/03/2020;64,74;;;25697,5;29,5;28,47;;;;;
13/03/2020;65,02;;;25823,5;29,3125;27,02;;;;;
16/03/2020;65,05;;;22087,1;29,5;27,18;;;;;
17/03/2020;65,09;;;22656,4;29,5;28,17;;;;;
18/03/2020;64,96;;;23890,4;29,5;28,62;;;;;
19/03/2020;65,46;;;26338;29,3125;28,33;;;;;
20/03/2020;65,59;;;25483,9;29;25,14;;;;;
25/03/2020;65,91;;;24058,6;29,3125;28,34;;;;;
26/03/2020;65,85;;;24384,2;29,375;28,45;;;;;
27/03/2020;66,13;;;25324,3;27,75;26,43;;;;;
30/03/2020;66,44;;;26003,3;27,5625;27,27;;;;;
01/04/2020;66,58;;;26505,4;27;25,22;;;;;
02/04/2020;66,61;;;26922,6;26,125;26,74;;;;;
03/04/2020;66,51;;;26696,1;25,75;25,04;;;;;
06/04/2020;66,85;;;28017,6;25,125;25,91;;;;;
07/04/2020;66,97;;;28880,6;23,0625;24,84;;;;;
08/04/2020;67,09;;;30781,6;21,9375;22,04;;;;;
13/04/2020;67,07;;;32070,7;21;20,95;;;;;
14/04/2020;67,43;;;30077,7;18,125;20,52;;;;;
15/04/2020;67,53;;;29883,3;18,25;18,66;;;;;
16/04/2020;67,6;;;30535,7;16,875;18,74;;;;;
17/04/2020;67,87;;;30237,1;16,875;19,23;;;;;
20/04/2020;67,96;;;30554,9;18,25;20,51;;;;;
21/04/2020;67,96;;;30378,9;17,4375;20,9;;;;;
22/04/2020;68,34;;;29258,1;16,1875;20,96;;;;;
23/04/2020;68,43;;;29986,2;15,9375;20,14;;;;;
24/04/2020;68,69;;;33064,8;18,3125;22,01;;;;;
27/04/2020;68,69;;;33185,1;18,3125;20,94;;;;;
28/04/2020;68,89;;;32742,8;18,375;21,44;;;;;
29/04/2020;68,97;;;32387,3;18,3125;20,97;;;;;
30/04/2020;69,07;;;33546,5;18,4375;19,59;;;;;
04/05/2020;69,16;;;34158,9;21,0625;21,72;;;;;
05/05/2020;69,16;;;35850,2;19,875;22,32;;;;;
06/05/2020;69,31;;;36183,9;20,0625;22,63;;;;;
07/05/2020;69,47;;;38581,6;19,8125;22,42;;;;;
08/05/2020;69,54;;;39133,7;20,625;22,49;;;;;
11/05/2020;69,63;;;37842,8;21,0625;23,92;;;;;
12/05/2020;69,63;;;39225,7;20,5625;22,11;;;;;
13/05/2020;69,66;;;39388,3;21,8125;22,86;;;;;
14/05/2020;69,84;;;40286,7;20,75;22,58;;;;;
15/05/2020;70,05;;;39388,7;22,625;24,06;;;;;
18/05/2020;70,06;;;39809,2;26,4375;25,68;;;;;
19/05/2020;70,26;;;41388,5;26,25;25,85;;;;;
20/05/2020;70,32;;;40962,7;26,5;25,85;;;;;
21/05/2020;70,33;;;41060,3;26,5;26,42;;;;;
22/05/2020;70,38;;;40431,6;26,1875;25,82;;;;;
26/05/2020;70,58;;;38985,8;25,6875;25,84;;;;;
27/05/2020;70,61;;;37824,7;26,4375;25,7;;;;;
28/05/2020;70,63;;;40017;26,5;25,77;;;;;
29/05/2020;70,69;;;42037,6;26,5625;25,2;;;;;
01/06/2020;70,76;;;43853,1;28,5;29,44;;;;;
02/06/2020;70,72;;;43676,2;29;27,42;;;;;
03/06/2020;71,01;;;45128,8;29,5625;27,58;;;;;
04/06/2020;70,92;;;48881,2;29,75;29,46;;;;;
05/06/2020;71,15;;;46471,1;29,5625;29,45;;;;;
08/06/2020;71,48;;;46476,1;29,5625;28,66;;;;;
09/06/2020;71,88;;;43057,9;29,875;29,27;;;;;
10/06/2020;72,04;;;43417,2;29,5;29,27;;;;;
11/06/2020;72,2;;;42686,1;29,6875;29,37;;;;;
12/06/2020;72,34;;;40471,2;29,1875;28,61;;;;;
16/06/2020;72,5;;;37990,6;29,75;29,32;;;;;
17/06/2020;72,68;;;40951,5;29,8125;28,89;;;;;
18/06/2020;72,86;;;40344,3;29,4375;28,98;;;;;
19/06/2020;73,08;;;40803,6;29,8125;29,11;;;;;
22/06/2020;73,13;;;40435,3;29,625;29,5;;;;;
23/06/2020;73,13;;;41996,7;29,75;29,27;;;;;
24/06/2020;73,44;;;40589,9;29,75;29,64;;;;;
25/06/2020;73,51;;;40308,1;29,8125;29,06;;;;;
26/06/2020;73,53;;;38686,7;29,625;29,24;;;;;
29/06/2020;73,56;;;39846,7;29;28,73;;;;;
30/06/2020;73,86;;;39500,9;29,6875;29,29;;;;;
01/07/2020;74,07;;;39758,2;29,75;29,48;;;;;
02/07/2020;74,13;;;43339,7;29,5625;28,04;;;;;
03/07/2020;74,18;;;42497,6;29,5625;27,78;;;;;
06/07/2020;74,32;;;42747,6;29,6875;28,71;;;;;
07/07/2020;74,61;;;43237;29,75;29,47;;;;;
08/07/2020;74,64;;;44001,9;29,5;28,32;;;;;
13/07/2020;74,72;;;45120,6;29,6875;28,94;;;;;
14/07/2020;74,99;;;45245,2;29,5625;28,78;;;;;
15/07/2020;75,09;;;45475,2;29,625;28,16;;;;;
16/07/2020;75,21;;;45683;29,5;28,86;;;;;
17/07/2020;75,21;;;46781,3;29,5625;28,36;;;;;
20/07/2020;75,25;;;48634,1;29,4375;29,31;;;;;
21/07/2020;75,56;;;48408,3;29,5;29,39;;;;;
22/07/2020;75,64;;;48605,1;29,6875;29,31;;;;;
23/07/2020;75,66;;;49449,9;29,125;28,57;;;;;
24/07/2020;75,86;;;48934,4;29,5625;29,07;;;;;
27/07/2020;75,92;;;48884,5;29,375;28,83;;;;;
28/07/2020;76;;;49405,8;29,1875;26,86;;;;;
29/07/2020;76,1;;;49253,6;29,75;28,64;;;;;
30/07/2020;76,06;;;52504,2;29,625;29,11;;;;;
31/07/2020;76,27;;;52186,3;29,1875;28,35;;;;;
03/08/2020;76,39;;;50994,4;29,875;29,33;;;;;
04/08/2020;76,64;;;51083,8;29,25;30,33;;;;;
05/08/2020;76,69;;;52325,8;29,4375;29,3;;;;;
06/08/2020;76,89;;;52180,9;29,8125;30,45;;;;;
07/08/2020;76,89;;;50998,5;29,625;29,24;;;;;
10/08/2020;77,13;;;48970,5;30;31,01;;;;;
11/08/2020;77,13;;;49626,8;29,6875;30,73;;;;;
12/08/2020;77,17;;;48547,9;29,75;29,92;;;;;
13/08/2020;77,32;;;46491,4;29,3125;30,3;;;;;
14/08/2020;77,42;;;47471,6;29,875;30,61;;;;;
18/08/2020;77,39;;;47737,2;29,9375;30,45;;;;;
19/08/2020;77,54;;;47411,3;29,8125;30,11;;;;;
20/08/2020;77,7;;;46736,7;30;30,74;;;;;
21/08/2020;77,77;;;46579,3;29,5625;30,03;;;;;
24/08/2020;77,8;;;45831,7;28,9375;28,24;;;;;
25/08/2020;77,95;;;44254,9;29,5625;30,44;;;;;
26/08/2020;77,94;;;46396,6;29,875;30,18;;;;;
27/08/2020;77,95;;;46835,4;29,1875;30,12;;;;;
28/08/2020;78,13;;;46545,5;29,9375;29,7;;;;;
31/08/2020;78,18;;;44877,5;29,625;30,25;;;;;
01/09/2020;78,36;;;44800,1;29,6875;30,73;;;;;
02/09/2020;78,5;;;45075,1;29,75;29,11;;;;;
03/09/2020;78,63;;;45691;30;30,26;;;;;
04/09/2020;78,63;;;45481,8;29,8125;28,94;;;;;
07/09/2020;78,64;;;46520,2;29,625;29,15;;;;;
08/09/2020;78,94;;;46868,5;29,875;30,54;;;;;
09/09/2020;79,03;;;45840;29,9375;30,46;;;;;
10/09/2020;79,05;;;44614,1;29,6875;29,55;;;;;
11/09/2020;79,07;;;44628,4;29,5;29,61;;;;;
14/09/2020;79,13;;;42167,9;29,6875;30,65;;;;;
15/09/2020;79,24;;;39799,9;29,5;30,53;;;;;
16/09/2020;79,36;;;41484,1;29,875;30,72;;;;;
17/09/2020;79,55;;;40745,1;29,875;30,08;;;;;
18/09/2020;79,59;;;40944,5;29,875;30,01;;;;;
21/09/2020;79,59;;;40974,1;30;30,38;;;;;
22/09/2020;79,71;;;41875,7;29,75;28,59;;;;;
23/09/2020;79,86;;;42042,5;29,25;29,51;;;;;
24/09/2020;79,89;;;42077,9;29,5625;30,37;;;;;
25/09/2020;79,99;;;42196,9;29,5625;30;;;;;
28/09/2020;80,05;;;41260,9;29,8125;30,11;;;;;
29/09/2020;80,16;;;42916,2;30,0625;28,82;;;;;
30/09/2020;80,24;;;43654,4;29,6875;30,07;;;;;
01/10/2020;80,63;;;44273,2;28,875;29,48;;;;;
02/10/2020;80,8;;;44438,4;29,6875;28,84;;;;;
05/10/2020;82,44;;;44739,9;29,875;29,79;;;;;
06/10/2020;82,64;;;45482,2;29,9375;30,82;;;;;
07/10/2020;82,72;;;45856,1;29,6875;29,5;;;;;
08/10/2020;82,72;;;45994,7;29,5625;30,4;;;;;
09/10/2020;82,79;;;47295,3;29,75;30,33;;;;;
13/10/2020;82,74;;;48239,3;29,8125;29,81;;;;;
14/10/2020;82,93;;;49024,1;29,625;30,55;;;;;
15/10/2020;82,95;;;49162,1;30;30,65;;;;;
16/10/2020;82,99;;;49683,8;31,6875;30,99;;;;;
19/10/2020;83,2;;;50088,8;31,5625;31,61;;;;;
20/10/2020;83,21;;;51671,6;31,875;32,27;;;;;
21/10/2020;83,27;;;52512,6;31,75;31,67;;;;;
22/10/2020;83,32;;;49596,5;31,125;31,88;;;;;
23/10/2020;83,78;;;46707,9;31,5625;31,18;;;;;
26/10/2020;83,85;;;43532,7;31,5625;31,82;;;;;
27/10/2020;83,9;;;44914,2;31,5625;28,98;;;;;
28/10/2020;83,89;;;45290;31,6875;31,61;;;;;
29/10/2020;83,9;;;47467,7;31,6875;31,57;;;;;
30/10/2020;83,9;;;47965,3;31,75;30,79;;;;;
02/11/2020;83,89;;;47028,4;31,75;30,88;;;;;
03/11/2020;84,41;;;48501,1;31,75;31,42;;;;;
04/11/2020;84,52;;;48492,5;31,4375;30,97;;;;;
05/11/2020;84,62;;;49650,4;31,8125;31,85;;;;;
09/11/2020;84,63;;;51819;31,75;31,56;;;;;
10/11/2020;84,95;;;51435;31,8125;32,25;;;;;
11/11/2020;85,03;;;49553,2;31,5625;31,88;;;;;
12/11/2020;85,04;;;49895,5;31,6875;31,22;;;;;
13/11/2020;85,14;;;51084,9;33,625;34,46;;;;;
16/11/2020;85,27;;;51911,5;33,875;34,67;;;;;
17/11/2020;85,6;;;51295,5;33,9375;33,76;;;;;
18/11/2020;85,6;;;50950,2;33,875;34,07;;;;;
19/11/2020;85,57;;;51492,3;33,875;34,28;;;;;
20/11/2020;85,74;;;54135,8;34,0625;34,2;;;;;
24/11/2020;85,91;;;54150,7;33,875;34,1;;;;;
25/11/2020;86,13;;;54465,7;33,625;33,9;;;;;
26/11/2020;86,19;;;55427,3;34,0625;34,55;;;;;
27/11/2020;86,53;;;54572,5;33,75;34,24;;;;;
30/11/2020;86,61;;;54913,4;33,75;33,79;;;;;
01/12/2020;86,72;;;55268,9;34,375;34,85;;;;;
02/12/2020;86,95;;;55152,3;34,3125;33,01;;;;;
03/12/2020;87;;;54730,4;34,1875;34,68;;;;;
04/12/2020;87,14;;;51956,9;34,0625;34,42;;;;;
09/12/2020;87,17;;;53690,4;34,25;34,07;;;;;
10/12/2020;87,38;;;53822,4;34,375;34,64;;;;;
11/12/2020;87,84;;;53034,1;34,125;34,56;;;;;
14/12/2020;87,85;;;53280,2;34,0625;33,94;;;;;
15/12/2020;87,96;;;53206;34,5;33,89;;;;;
16/12/2020;88,12;;;53115,6;34,1875;34,65;;;;;
17/12/2020;88,13;;;52346,8;34,1875;34,72;;;;;
18/12/2020;88,18;;;50159,9;34,3125;34,27;;;;;
21/12/2020;88,26;;;50406,9;34,25;34,04;;;;;
22/12/2020;88,76;;;51619;34,0625;34,25;;;;;
23/12/2020;88,8;;;50483,8;34,0625;34,4;;;;;
28/12/2020;88,92;;;51320,1;34,125;34,02;;;;;
29/12/2020;89,24;;;51226,5;34,1875;34,41;;;;;
30/12/2020;89,7;;;50730,9;34,25;33,83;;;;;
04/01/2021;89,87;;;51594,7;34,0625;34,12;;;;;
05/01/2021;90,22;;;51880;34,3125;33,33;;;;;
06/01/2021;90,55;;;52500,5;33,9375;34,01;;;;;
07/01/2021;90,55;;;51673,8;33,8125;34,13;;;;;
08/01/2021;90,73;;;50967,5;34,125;33,97;;;;;
11/01/2021;90,79;;;51201,6;34,3125;34,83;;;;;
12/01/2021;90,99;;;50961,2;34,125;34,72;;;;;
13/01/2021;91,03;;;51085;34;34,3;;;;;
14/01/2021;91,19;;;50500,8;34,375;34,22;;;;;
15/01/2021;91,19;;;50220,2;34,5625;34,71;;;;;
18/01/2021;91,31;;;50516,6;34,1875;34,29;;;;;
19/01/2021;91,31;;;50224,5;34,1875;34,71;;;;;
20/01/2021;91,76;;;48472,6;34,3125;33,78;;;;;
21/01/2021;91,76;;;48470,9;34;34,37;;;;;
22/01/2021;91,91;;;47470;34;34,46;;;;;
25/01/2021;92;;;49463,8;33,8125;34,95;;;;;
26/01/2021;92,35;;;49970,4;33,875;34,32;;;;;
27/01/2021;92,4;;;49630,1;34,0625;33,93;;;;;
28/01/2021;92,44;;;48257,1;34,1875;34,61;;;;;
29/01/2021;92,58;;;49576,9;34,1875;33,86;;;;;
01/02/2021;92,7;;;49686,8;34,1875;34,94;;;;;
02/02/2021;92,99;;;49857,6;34,1875;34,33;;;;;
03/02/2021;93,06;;;50682,7;34;33,63;;;;;
04/02/2021;92,96;;;51052,7;34,1875;33,75;;;;;
05/02/2021;93,19;;;52028,6;34,0625;34,24;;;;;
08/02/2021;93,32;;;52266,8;34,125;34,37;;;;;
09/02/2021;93,57;;;51940,9;34,25;34,27;;;;;
10/02/2021;93,58;;;51654,6;34,1875;34,64;;;;;
11/02/2021;93,73;;;51466,2;34,125;34,38;;;;;
12/02/2021;93,87;;;52386,6;34;34,17;;;;;
17/02/2021;93,95;;;51826,9;34,25;34,28;;;;;
18/02/2021;94,23;;;50992,9;34,25;34,56;;;;;
19/02/2021;94,29;;;49268,4;33,75;34,09;;;;;
22/02/2021;94,4;;;47856,7;34,125;34,5;;;;;
23/02/2021;94,77;;;49606,7;34,125;34,84;;;;;
24/02/2021;94,83;;;48920,7;34,1875;34,55;;;;;
25/02/2021;95,02;;;48432,3;34,1875;33,8;;;;;
26/02/2021;95,08;;;48996,3;33,625;33,74;;;;;
01/03/2021;95,12;;;48127,3;34,0625;34;;;;;
02/03/2021;95,49;;;47325,1;34,0625;34,22;;;;;
03/03/2021;95,67;;;47808,2;34,1875;34,74;;;;;
04/03/2021;95,64;;;47242,3;33,875;34,25;;;;;
05/03/2021;95,75;;;46291,8;33,875;33,44;;;;;
08/03/2021;95,69;;;46476;34,1875;34,13;;;;;
09/03/2021;96;;;47339,5;34,0625;34,62;;;;;
10/03/2021;96,07;;;48360,7;34;34,03;;;;;
11/03/2021;96,31;;;49071;34,1875;33,91;;;;;
12/03/2021;96,45;;;50458,3;34,1875;34,18;;;;;
15/03/2021;96,49;;;49646,8;34;34,31;;;;;
16/03/2021;96,69;;;49916,5;34,0625;34,53;;;;;
17/03/2021;96,81;;;48599,3;34,125;34,5;;;;;
18/03/2021;96,76;;;48976;34,0625;34,55;;;;;
19/03/2021;96,83;;;49185,9;34,125;34,16;;;;;
22/03/2021;96,98;;;48615,3;34,125;34,36;;;;;
23/03/2021;97,1;;;46856,4;34,1875;34,5;;;;;
25/03/2021;97,33;;;46440,8;34;34,39;;;;;
26/03/2021;97,45;;;47241;34,1875;34,52;;;;;
29/03/2021;97,57;;;48090,7;33,75;33,7;;;;;
30/03/2021;97,61;;;47982,4;34,125;34,61;;;;;
31/03/2021;97,61;;;48597,7;34,0625;33,84;;;;;
05/04/2021;97,69;;;50328,3;33,9375;33,95;;;;;
06/04/2021;98,1;;;50128,2;34,125;34,5;;;;;
07/04/2021;98,1;;;49627,5;34,0625;33,77;;;;;
08/04/2021;98,19;;;48846;34,0625;34,61;;;;;
09/04/2021;98,2;;;48109,6;34,0625;34,1;;;;;
12/04/2021;98,21;;;47679,1;34,1875;33,97;;;;;
13/04/2021;98,31;;;47299;34,1875;34,55;;;;;
14/04/2021;98,33;;;47093,3;34;34,17;;;;;
15/04/2021;98,32;;;47664,4;34,0625;34,19;;;;;
16/04/2021;98,47;;;48026,3;34,125;34,57;;;;;
19/04/2021;98,52;;;46894,5;34,1875;34,19;;;;;
20/04/2021;98,59;;;47616,5;34,0625;34,16;;;;;
21/04/2021;98,59;;;47122,6;34,125;34,18;;;;;
22/04/2021;98,61;;;47374,5;34,25;34,07;;;;;
23/04/2021;98,64;;;47931,3;34,125;33,76;;;;;
26/04/2021;98,78;;;48962,2;34,0625;34,44;;;;;
27/04/2021;98,89;;;50043,8;34,125;34,66;;;;;
28/04/2021;98,89;;;50065,2;33,9375;33,74;;;;;
29/04/2021;98,91;;;49056,1;34,1875;34,11;;;;;
30/04/2021;98,97;;;48872,5;34,0625;33,53;;;;;
03/05/2021;98,9;;;48655,5;34,25;34,77;;;;;
04/05/2021;99,21;;;49152,3;34,125;34,88;;;;;
05/05/2021;99,3;;;49389,3;33,875;34,01;;;;;
06/05/2021;99,33;;;51419,5;34,125;34,58;;;;;
07/05/2021;99,34;;;51750,3;34,125;33,82;;;;;
10/05/2021;99,43;;;51094;34;34,27;;;;;
11/05/2021;99,5;;;51020,2;34,125;34,45;;;;;
12/05/2021;99,5;;;52625,9;34,1875;33,71;;;;;
13/05/2021;99,51;;;54850,1;34,1875;34,71;;;;;
14/05/2021;99,51;;;56095;34,0625;34,14;;;;;
17/05/2021;99,51;;;56078,6;34,0625;34,6;;;;;
18/05/2021;99,64;;;55990;34,1875;34,38;;;;;
19/05/2021;99,64;;;57109,4;34,1875;34,03;;;;;
20/05/2021;99,7;;;56221,9;34,125;34,58;;;;;
21/05/2021;99,71;;;56599;34,0625;34,38;;;;;
26/05/2021;99,71;;;57499,5;34,1875;34,48;;;;;
27/05/2021;99,96;;;59213;34,125;32,17;;;;;
28/05/2021;100,02;;;59268,9;34,0625;33,7;;;;;
31/05/2021;100,04;;;61096;34,125;34,03;;;;;
01/06/2021;100,09;;;62659,5;34,0625;34,65;;;;;
02/06/2021;100,23;;;64303,1;34,1875;34,66;;;;;
03/06/2021;100,26;;;66190,1;34,125;34,07;;;;;
04/06/2021;100,26;;;68151,1;33,875;33,74;;;;;
07/06/2021;100,28;;;66390,3;34,25;34,27;;;;;
08/06/2021;100,37;;;68105;34,1875;34,65;;;;;
09/06/2021;100,37;;;68144,6;34;34,22;;;;;
10/06/2021;100,36;;;66094;34,25;34,53;;;;;
11/06/2021;100,37;;;66836,8;34,125;33,78;;;;;
14/06/2021;100,39;;;67005,8;34,125;34,37;;;;;
15/06/2021;100,53;;;67575,5;34,1875;34,68;;;;;
16/06/2021;100,67;;;66440,2;34,125;34,4;;;;;
17/06/2021;100,62;;;65136;34;33,41;;;;;
18/06/2021;100,71;;;65901,6;34,1875;33,88;;;;;
22/06/2021;100,71;;;66089,9;34,125;34,27;;;;;
23/06/2021;100,69;;;66933,1;34,1875;34,72;;;;;
24/06/2021;100,89;;;65133,5;34,0625;34,47;;;;;
25/06/2021;100,89;;;64150,9;34,125;34,45;;;;;
28/06/2021;100,99;;;62972;34,125;34,06;;;;;
29/06/2021;101,1;;;62372;34,0625;34,5;;;;;
30/06/2021;101,14;;;62060;34,125;33,95;;;;;
01/07/2021;101,17;;;63330,4;34,125;34,27;;;;;
02/07/2021;101,19;;;64848,6;34,1875;34,68;;;;;
05/07/2021;101,19;;;63563;34;34,14;;;;;
06/07/2021;101,28;;;63383,2;34,1875;34,55;;;;;
07/07/2021;101,33;;;62371,6;34,25;34,19;;;;;
08/07/2021;101,34;;;64215,3;34,1875;33,17;;;;;
12/07/2021;101,35;;;64374,7;34,125;34,13;;;;;
13/07/2021;101,42;;;63959,3;33,875;34,36;;;;;
14/07/2021;101,48;;;63484,6;34,125;34,16;;;;;
15/07/2021;101,63;;;63090,8;34,1875;34,56;;;;;
16/07/2021;101,64;;;62133,2;34,0625;34,26;;;;;
19/07/2021;101,65;;;63391,7;34,125;34,06;;;;;
20/07/2021;101,72;;;65832,2;34,1875;34,68;;;;;
21/07/2021;101,75;;;65675,1;34,1875;34,55;;;;;
22/07/2021;101,76;;;64841,2;34,0625;34,42;;;;;
23/07/2021;101,69;;;65530,9;34,125;33,42;;;;;
26/07/2021;101,75;;;65688,3;34,1875;34,48;;;;;
27/07/2021;101,82;;;66553,5;34,1875;34,6;;;;;
28/07/2021;101,95;;;67315,6;34,125;33,95;;;;;
29/07/2021;102,01;;;66005,3;34,125;34,02;;;;;
30/07/2021;101,99;;;65939,6;34,125;33,95;;;;;
02/08/2021;102,06;;;65873,6;34,1875;34,71;;;;;
03/08/2021;102,12;;;65088,1;34,1875;31,61;;;;;
04/08/2021;102,18;;;66136,5;34;33,96;;;;;
05/08/2021;102,25;;;65860,9;34,1875;34,41;;;;;
06/08/2021;102,28;;;66096,4;34,25;34,05;;;;;
09/08/2021;102,3;;;68023,1;34,25;34,79;;;;;
10/08/2021;102,33;;;69475,2;34,1875;34,82;;;;;
11/08/2021;102,34;;;69492,6;34,0625;34;;;;;
12/08/2021;102,34;;;69544,8;34,1875;34,47;;;;;
13/08/2021;102,36;;;67999;34,125;34,13;;;;;
17/08/2021;102,53;;;67094,3;34,25;34,67;;;;;
18/08/2021;102,57;;;66681,7;34,0625;33,77;;;;;
19/08/2021;102,57;;;67822,2;34,1875;34,38;;;;;
20/08/2021;102,61;;;69050,3;34,0625;34,53;;;;;
23/08/2021;102,64;;;71353,8;34,1875;34,17;;;;;
24/08/2021;102,76;;;72009,1;34,125;34,49;;;;;
25/08/2021;102,79;;;71550,5;34,1875;34,32;;;;;
26/08/2021;102,79;;;73203,6;34,125;34,48;;;;;
27/08/2021;102,97;;;76329,4;34,125;33,95;;;;;
30/08/2021;102,97;;;76451,7;34,1875;34,36;;;;;
31/08/2021;103,11;;;75232,6;34,1875;34,35;;;;;
01/09/2021;103,14;;;75115,1;34,1875;34,51;;;;;
02/09/2021;103,22;;;74735;34,125;34,32;;;;;
03/09/2021;103,31;;;76003;34,125;33,97;;;;;
06/09/2021;103,33;;;79004,8;34,3125;34,17;;;;;
07/09/2021;103,45;;;77459;34,1875;34,55;;;;;
08/09/2021;103,42;;;77127;34,25;34,58;;;;;
09/09/2021;103,53;;;75895;34,1875;32,75;;;;;
10/09/2021;103,54;;;80065,9;34,0625;34,02;;;;;
13/09/2021;103,56;;;78989,2;34,1875;34,25;;;;;
14/09/2021;103,62;;;78488,5;33,9375;34,47;;;;;
15/09/2021;103,62;;;79738,1;34,0625;33,89;;;;;
16/09/2021;103,71;;;78512,1;34,25;34,58;;;;;
17/09/2021;103,58;;;73635,2;34,125;33,76;;;;;
20/09/2021;103,77;;;73918,6;34,1875;34,73;;;;;
21/09/2021;104,09;;;74750,2;34,125;34,52;;;;;
22/09/2021;104,26;;;74743,4;34,1875;34,07;;;;;
23/09/2021;104,1;;;74180,2;34,25;34,64;;;;;
24/09/2021;104,1;;;75687,5;34,125;34,26;;;;;
27/09/2021;104,12;;;75808,4;34,125;34,05;;;;;
28/09/2021;104,18;;;76589,3;34,125;33,9;;;;;
29/09/2021;104,19;;;77363,6;34,1875;34,37;;;;;
30/09/2021;104,2;;;77626,2;34,1875;34,15;;;;;
01/10/2021;104,3;;;77578,9;34,1875;34,43;;;;;
04/10/2021;104,25;;;78191,5;34,125;34,1;;;;;
05/10/2021;104,34;;;77443,1;34,0625;34,47;;;;;
06/10/2021;104,53;;;77553,3;34,25;34,63;;;;;
07/10/2021;104,53;;;77927,9;34,125;34,46;;;;;
12/10/2021;104,54;;;78427,9;34,125;33,93;;;;;
13/10/2021;104,47;;;80138;34,1875;34,18;;;;;
14/10/2021;104,64;;;81990,2;34,0625;34,32;;;;;
15/10/2021;104,59;;;82859,7;34,0625;34,2;;;;;
18/10/2021;104,7;;;84308;34,1875;34,08;;;;;
19/10/2021;104,79;;;87055,7;34,125;34,11;;;;;
20/10/2021;104,88;;;86795,3;34,125;34,26;;;;;
21/10/2021;104,88;;;86898,5;34,1875;34,28;;;;;
22/10/2021;104,89;;;89391,8;34,25;34,01;;;;;
25/10/2021;104,94;;;88907,8;34,125;34,46;;;;;
26/10/2021;105,04;;;85353,1;34,125;34,45;;;;;
27/10/2021;105,05;;;86034,2;34,125;33,95;;;;;
28/10/2021;105,13;;;83561;34,125;34,29;;;;;
29/10/2021;105,15;;;87460,4;34,125;34,14;;;;;
01/11/2021;105,23;;;89273;34,25;34,56;;;;;
02/11/2021;105,35;;;92095;34,125;34,42;;;;;
03/11/2021;105,36;;;91258,2;34,125;33,99;;;;;
04/11/2021;105,38;;;92895,9;34,1875;34,29;;;;;
05/11/2021;105,4;;;96044,9;34,25;34,45;;;;;
08/11/2021;105,58;;;94381,4;34,25;33,93;;;;;
09/11/2021;105,58;;;95130,6;34,1875;34,65;;;;;
10/11/2021;105,63;;;95943,8;34,1875;34,79;;;;;
11/11/2021;105,67;;;94963,4;34;33,67;;;;;
12/11/2021;105,79;;;92999,4;34,125;34,06;;;;;
15/11/2021;105,82;;;89674,1;34,125;34,7;;;;;
16/11/2021;105,88;;;87541,8;34,25;34,63;;;;;
17/11/2021;105,92;;;89512,4;34,1875;34;;;;;
18/11/2021;105,94;;;85695,2;34,25;34,53;;;;;
19/11/2021;105,95;;;83770,5;34,1875;34,35;;;;;
23/11/2021;105,96;;;83481,2;34,1875;34,48;;;;;
24/11/2021;106,09;;;84956,9;34,1875;34,57;;;;;
25/11/2021;106,08;;;80369;34,125;34,43;;;;;
26/11/2021;106,16;;;79094,9;34,125;33,65;;;;;
29/11/2021;106,41;;;79315,8;34,25;34,5;;;;;
30/11/2021;106,41;;;85164,8;34,125;33,11;;;;;
01/12/2021;106,55;;;87451,3;34,1875;34,59;;;;;
02/12/2021;106,55;;;86359,8;34,0625;34,13;;;;;
03/12/2021;106,63;;;88287,4;34,125;33,95;;;;;
06/12/2021;106,63;;;89242,8;34,25;33,98;;;;;
07/12/2021;106,65;;;86544,9;34,125;34,31;;;;;
09/12/2021;107,26;;;85441,4;34,25;34,67;;;;;
10/12/2021;107,26;;;81947,7;34,1875;34,67;;;;;
13/12/2021;107,38;;;82178,8;34,125;33,79;;;;;
14/12/2021;107,38;;;80939,4;34,3125;34,69;;;;;
15/12/2021;107,49;;;82995,2;34,1875;34,34;;;;;
16/12/2021;107,51;;;83234;34,1875;34,55;;;;;
17/12/2021;107,55;;;81908,2;34,25;34,13;;;;;
20/12/2021;107,57;;;84137,7;34,25;34,69;;;;;
21/12/2021;107,61;;;83651,8;34,25;34,73;;;;;
22/12/2021;107,73;;;84850,3;34,1875;34,66;;;;;
23/12/2021;107,74;;;84570,5;34,25;34,17;;;;;
27/12/2021;107,94;;;82783,7;34,25;34,29;;;;;
28/12/2021;107,94;;;84006,5;34,25;33,99;;;;;
29/12/2021;108,14;;;83500,1;34,1875;33,81;;;;;
30/12/2021;108,16;;;85579,1;34,125;33,38;;;;;
03/01/2022;108,29;;;85286;34,1875;34,09;;;;;
04/01/2022;108,48;;;83835,7;34,25;34,51;;;;;
05/01/2022;108,61;;;83747,8;34,25;33,9;;;;;
06/01/2022;108,63;;;84402,1;34,1875;34,11;;;;;
07/01/2022;108,72;;;83746,3;37,375;37,75;;;;;
10/01/2022;108,86;;;84702,3;37,625;37,76;;;;;
11/01/2022;108,96;;;85100,3;37,375;37,46;;;;;
12/01/2022;108,97;;;85370,9;37,4375;37,03;;;;;
13/01/2022;109,05;;;85481,1;37,4375;37,64;;;;;
14/01/2022;109,11;;;85038,8;37,625;37,57;;;;;
17/01/2022;109,21;;;83350,6;37,75;37,44;;;;;
18/01/2022;109,46;;;83528,2;37,5;37,56;;;;;
19/01/2022;109,64;;;85126,4;37,5625;37,64;;;;;
20/01/2022;109,67;;;83622,5;37,625;37,93;;;;;
21/01/2022;109,71;;;81004,4;37,5;37,27;;;;;
24/01/2022;109,79;;;85180,4;37,625;37,25;;;;;
25/01/2022;110,08;;;85782,1;37,625;36,87;;;;;
26/01/2022;110,11;;;85968,8;37,5625;37,2;;;;;
27/01/2022;110,15;;;88269,8;37,5625;37,14;;;;;
28/01/2022;110,5;;;90907,5;37,75;37,36;;;;;
31/01/2022;110,68;;;91416,6;37,625;37,61;;;;;
01/02/2022;110,71;;;89662,7;37,5;36,79;;;;;
02/02/2022;110,75;;;88091,3;37,5625;37,2;;;;;
03/02/2022;110,92;;;87934;37,5625;37,59;;;;;
04/02/2022;110,92;;;89189,1;37,5625;37,42;;;;;
07/02/2022;111,37;;;88149,2;37,375;37,61;;;;;
08/02/2022;111,46;;;87393,1;37,4375;37,22;;;;;
09/02/2022;111,49;;;87559,4;37,6875;37,43;;;;;
10/02/2022;111,52;;;88185;37,5;37,6;;;;;
11/02/2022;111,59;;;87803,7;37,5625;37,08;;;;;
14/02/2022;111,67;;;88042,6;37,5;37,72;;;;;
15/02/2022;112,01;;;90577,6;37,625;37,69;;;;;
16/02/2022;112,17;;;89977,9;37,6875;37,26;;;;;
17/02/2022;112,21;;;89443,2;37,625;37,62;;;;;
18/02/2022;112,24;;;90029,5;39,9375;40,1;;;;;
21/02/2022;112,48;;;90440,6;39,875;39,77;;;;;
22/02/2022;112,71;;;91359,5;40,0625;40,28;;;;;
23/02/2022;112,8;;;88721,5;40,0625;39,82;;;;;
24/02/2022;112,83;;;87969,9;39,9375;40,04;;;;;
25/02/2022;112,89;;;90248,9;39,9375;39,07;;;;;
02/03/2022;113,33;;;91558;40,125;40,16;;;;;
03/03/2022;113,48;;;89515,4;40,0625;40,21;;;;;
04/03/2022;113,69;;;87948,2;39,75;39,36;;;;;
07/03/2022;113,94;;;88061,1;40,0625;39,98;;;;;
08/03/2022;114,06;;;87226,5;40;39,74;;;;;
09/03/2022;114,37;;;90283,1;39,875;39,85;;;;;
10/03/2022;114,5;;;88999,1;40,0625;39,89;;;;;
11/03/2022;114,49;;;84955,9;39,9375;39,47;;;;;
14/03/2022;114,72;;;84054,7;39,875;39,55;;;;;
15/03/2022;114,82;;;87450,9;40;39,78;;;;;
16/03/2022;114,88;;;89645,9;40,0625;40,13;;;;;
17/03/2022;114,91;;;89057,6;40,1875;39,09;;;;;
18/03/2022;114,93;;;90041,1;40,0625;39,43;;;;;
21/03/2022;115,35;;;90170,1;40;40,08;;;;;
22/03/2022;115,42;;;90106,6;39,875;39,88;;;;;
23/03/2022;115,61;;;93010,4;41,75;41,58;;;;;
25/03/2022;115,68;;;91663;41,9375;41,43;;;;;
28/03/2022;116,19;;;89967,3;42;41,61;;;;;
29/03/2022;116,21;;;90867,6;41,9375;41,21;;;;;
30/03/2022;116,31;;;90959,6;42;39,86;;;;;
31/03/2022;116,45;;;92391;41,8125;41,91;;;;;
01/04/2022;116,64;;;93218,7;42;41,89;;;;;
04/04/2022;117,02;;;91814,3;42;41,57;;;;;
05/04/2022;117,1;;;90973;42,125;41,11;;;;;
06/04/2022;117,33;;;91558,2;42,125;41,98;;;;;
07/04/2022;117,65;;;92091,5;41,9375;41,66;;;;;
08/04/2022;117,69;;;90629,9;41,9375;41,54;;;;;
11/04/2022;118,02;;;90345,9;42;41,86;;;;;
12/04/2022;118,09;;;91041,4;41,875;42,17;;;;;
13/04/2022;118,39;;;91239,2;41,875;41,34;;;;;
18/04/2022;118,88;;;92038,4;44,5625;43,66;;;;;
19/04/2022;119,03;;;92559,3;44,25;44,42;;;;;
20/04/2022;119,16;;;91496,1;44,3125;44,06;;;;;
21/04/2022;119,58;;;91717,1;44,375;44,19;;;;;
22/04/2022;119,69;;;91154,4;44,3125;44,26;;;;;
25/04/2022;119,78;;;89574,7;44,4375;43,99;;;;;
26/04/2022;120,1;;;90033,3;44,625;44,87;;;;;
27/04/2022;120,13;;;90354,2;44,5625;44,39;;;;;
28/04/2022;120,29;;;88251;44,5;43,52;;;;;
29/04/2022;120,64;;;87608,1;44,375;43,36;;;;;
02/05/2022;120,97;;;89585,3;44,625;44,6;;;;;
03/05/2022;121,33;;;89401,4;44,4375;44,39;;;;;
04/05/2022;121,45;;;86434,1;44,4375;44,05;;;;;
05/05/2022;121,73;;;86507,2;44,625;43,88;;;;;
06/05/2022;121,97;;;82243,6;44,5625;44,5;;;;;
09/05/2022;122,16;;;83676,8;44,625;44,38;;;;;
10/05/2022;122,32;;;85762,8;44,375;42,98;;;;;
11/05/2022;122,5;;;85520,8;44,625;44,3;;;;;
12/05/2022;122,7;;;88795,8;44,5625;44,6;;;;;
13/05/2022;123,11;;;89964,8;46,375;45,65;;;;;
16/05/2022;123,27;;;90803,4;45,6875;46,43;;;;;
17/05/2022;123,55;;;88634,3;46,5;46,64;;;;;
19/05/2022;123,77;;;88119;46,5625;45,71;;;;;
20/05/2022;123,91;;;90344,1;46,375;45,96;;;;;
23/05/2022;124,33;;;91271,7;46,4375;46,54;;;;;
24/05/2022;124,45;;;93711;46,375;46,43;;;;;
26/05/2022;124,62;;;93683,3;46,5;46,25;;;;;
27/05/2022;124,81;;;93236,2;46,4375;46,1;;;;;
30/05/2022;125,48;;;92288;46,5;44,9;;;;;
31/05/2022;125,62;;;91369,6;45,8125;45,35;;;;;
01/06/2022;125,88;;;91452;46,6875;46,33;;;;;
02/06/2022;125,95;;;91775,2;46,5;46,48;;;;;
03/06/2022;125,57;;;90351,7;46,4375;45,97;;;;;
06/06/2022;126,6;;;90938,1;46,625;46,77;;;;;
07/06/2022;126,65;;;89946,9;46,5625;46,23;;;;;
08/06/2022;126,77;;;88869,8;46,625;46,27;;;;;
09/06/2022;127;;;89141,4;46,5;45,62;;;;;
10/06/2022;127,09;;;87937,9;46,5625;45,86;;;;;
13/06/2022;127,6;;;87400;46,625;45,86;;;;;
14/06/2022;127,62;;;88465,6;46,3125;46,46;;;;;
15/06/2022;128,03;;;87060,9;46,5;46,05;;;;;
16/06/2022;128,19;;;86545,9;46,6875;46,48;;;;;
21/06/2022;128,99;;;85662,5;50,8125;50,5;;;;;
22/06/2022;129,01;;;83170,1;50,6875;50,57;;;;;
23/06/2022;129,11;;;82605,6;50,75;50,8;;;;;
24/06/2022;129,15;;;85712,3;50,5;49,95;;;;;
27/06/2022;130,07;;;88194,7;50,8125;50,56;;;;;
28/06/2022;130,14;;;88130,8;50,5625;50,17;;;;;
29/06/2022;129,99;;;88449,9;50,75;49,47;;;;;
30/06/2022;130,44;;;90050,8;50,625;49,3;;;;;
01/07/2022;130,69;;;89128,8;50,9375;50,93;;;;;
04/07/2022;132,07;;;92689,5;50,875;50,48;;;;;
05/07/2022;132,54;;;95075,9;50,75;51,29;;;;;
06/07/2022;132,85;;;102265,4;51,0625;51,02;;;;;
07/07/2022;133,27;;;105850;50,8125;50,87;;;;;
08/07/2022;133,89;;;104431,9;51;50,6;;;;;
11/07/2022;134,67;;;103209,8;51;50,33;;;;;
12/07/2022;134,88;;;102271;50,75;49,19;;;;;
13/07/2022;135,15;;;5184,1;50,875;49,8;;;;;
14/07/2022;135,21;;;104222,9;51;50,97;;;;;
15/07/2022;135,29;;;105441,2;50,875;51;;;;;
18/07/2022;135,79;;;107185,4;50,8125;51,01;;;;;
19/07/2022;136,08;;;106949,1;50,75;51,09;;;;;
20/07/2022;136,1;;;112017;50,5625;50,15;;;;;
21/07/2022;136,32;;;113851,4;51;50,7;;;;;
22/07/2022;136,61;;;119508,3;50,75;50,48;;;;;
25/07/2022;137,3;;;120038,4;50,6875;50,75;;;;;
26/07/2022;137,38;;;126362;50,5;51,02;;;;;
27/07/2022;137,58;;;127400;50,875;50,53;;;;;
28/07/2022;137,86;;;122528,3;51;50,36;;;;;
29/07/2022;137,93;;;117586,8;55,625;55,81;;;;;
01/08/2022;138,9;;;118691,2;56,5;56,96;;;;;
02/08/2022;139,07;;;120389,9;55,375;56,38;;;;;
03/08/2022;139,31;;;120437,2;56,375;55,98;;;;;
04/08/2022;139,86;;;121003,9;56,1875;57,1;;;;;
05/08/2022;139,87;;;123953,4;56,3125;56,5;;;;;
08/08/2022;140,59;;;121920,8;56,5625;57,06;;;;;
09/08/2022;140,77;;;122129,9;55,75;56,93;;;;;
10/08/2022;140,7;;;123333,9;56,1875;56,13;;;;;
11/08/2022;140,98;;;125979,6;56,5625;55,12;;;;;
12/08/2022;141,5;;;124787,3;63,5;63;;;;;
16/08/2022;142,41;;;125962,9;63,75;65,12;;;;;
17/08/2022;142,52;;;131490,9;63,5;64,7;;;;;
18/08/2022;142,39;;;131009,1;63,375;64,5;;;;;
19/08/2022;143,06;;;132252,6;62,75;63,55;;;;;
22/08/2022;144,04;;;136997,7;64,125;64,85;;;;;
23/08/2022;144,03;;;140246,1;63,0625;61,76;;;;;
24/08/2022;144,29;;;142777,6;63,375;63,35;;;;;
25/08/2022;144,58;;;141460;63,3125;64,42;;;;;
26/08/2022;144,73;;;143805,2;63,4375;63,68;;;;;
29/08/2022;145,45;;;141133,6;63,625;65,05;;;;;
30/08/2022;145,62;;;136241;63,25;63,74;;;;;
31/08/2022;145,77;;;136302,1;63,875;64,19;;;;;
01/09/2022;145,86;;;138268;64,625;64,28;;;;;
05/09/2022;147,05;;;137309,3;64,1875;64,79;;;;;
06/09/2022;147,35;;;141001,5;62,9375;64,77;;;;;
07/09/2022;147,66;;;141509,3;63,8125;64,15;;;;;
08/09/2022;148,15;;;144642,2;63,5625;64,51;;;;;
09/09/2022;148,42;;;144714,1;63,6875;64,77;;;;;
12/09/2022;149,43;;;142941,6;64,1875;63,98;;;;;
13/09/2022;149,52;;;146750;63,9375;63;;;;;
14/09/2022;149,61;;;144765,6;63,875;61,81;;;;;
15/09/2022;149,99;;;145741,8;64,0625;65,12;;;;;
16/09/2022;150,17;;;150262,1;68,1875;69,74;;;;;
19/09/2022;150,93;;;147929,8;68,6875;70,21;;;;;
20/09/2022;151,24;;;146980,1;68,6875;69,69;;;;;
21/09/2022;151,56;;;149480,8;69,6875;70,03;;;;;
22/09/2022;151,64;;;142931,7;68,625;69,58;;;;;
23/09/2022;152,24;;;138148,3;68,75;69,62;;;;;
26/09/2022;153,01;;;135472,7;69,25;69,59;;;;;
27/09/2022;153,31;;;138023,4;68,25;69,45;;;;;
28/09/2022;153,61;;;138004,5;69;67,88;;;;;
29/09/2022;153,9;;;139115,1;69,125;69,65;;;;;
30/09/2022;154,25;;;145063;69,125;69,6;;;;;
03/10/2022;155,33;;;144926,7;69,8125;70,09;;;;;
04/10/2022;155,67;;;146722,9;68,75;70,25;;;;;
05/10/2022;155,9;;;144645,3;69,5;69,93;;;;;
06/10/2022;156,29;;;136982,4;68,625;69,86;;;;;
11/10/2022;157,76;;;136396,4;69,8125;70,83;;;;;
12/10/2022;157,96;;;140763,8;69,5625;69,51;;;;;
13/10/2022;158,19;;;137290,7;69,375;67,78;;;;;
14/10/2022;158,28;;;138953,5;68,75;70,39;;;;;
17/10/2022;159,45;;;137542,2;69,4375;70,29;;;;;
18/10/2022;159,71;;;136484,2;68,25;69,58;;;;;
19/10/2022;159,94;;;136138,8;68,6875;70,07;;;;;
20/10/2022;160,27;;;138944,8;68,625;69,24;;;;;
21/10/2022;160,57;;;139733,4;69,125;69,87;;;;;
24/10/2022;161,56;;;143959,4;69,125;70,44;;;;;
25/10/2022;162,1;;;145028,5;68,25;69,72;;;;;
26/10/2022;162,22;;;148109,6;69,25;69,59;;;;;
27/10/2022;162,3;;;147845,4;68,9375;70,15;;;;;
28/10/2022;162,59;;;149938,3;68,8125;66,46;;;;;
31/10/2022;163,89;;;153002,1;69,5;69,98;;;;;
01/11/2022;164,26;;;149309,4;69,125;70,36;;;;;
02/11/2022;164,49;;;150451;69,8125;69,93;;;;;
03/11/2022;164,82;;;151263,3;68,75;69,88;;;;;
04/11/2022;165,15;;;147829,6;69,625;70,08;;;;;
07/11/2022;166,33;;;147924;69,4375;70,83;;;;;
08/11/2022;166,79;;;143091,5;69,0625;70,57;;;;;
09/11/2022;167,17;;;144879,1;68,4375;66,68;;;;;
10/11/2022;167,5;;;150413,4;70,125;70,05;;;;;
11/11/2022;167,77;;;152685,4;70;70,2;;;;;
14/11/2022;168,62;;;155159;69,6875;70,93;;;;;
15/11/2022;169,18;;;154108,8;68,625;66,23;;;;;
16/11/2022;169,6;;;155259,3;69,25;70,41;;;;;
17/11/2022;169,89;;;157253,6;68,6875;69,99;;;;;
18/11/2022;170,22;;;158169,3;68,5625;69,74;;;;;
22/11/2022;171,52;;;158563,5;69,625;70,34;;;;;
23/11/2022;171,85;;;160936,4;69,25;70,46;;;;;
24/11/2022;172,24;;;163716,9;68,375;69,31;;;;;
25/11/2022;172,45;;;164277,8;69,1875;69,51;;;;;
28/11/2022;173,66;;;168194,6;69,3125;70,23;;;;;
29/11/2022;174,15;;;168525,3;68,3125;64,85;;;;;
30/11/2022;174,55;;;170604,3;69,5;70,19;;;;;
01/12/2022;174,86;;;169691,7;69,0625;70,45;;;;;
02/12/2022;175,42;;;164467,3;69;69,75;;;;;
05/12/2022;176,44;;;168090,1;69,9375;70,99;;;;;
06/12/2022;176,59;;;171177,9;69,125;70,79;;;;;
07/12/2022;176,81;;;166466,5;69,375;71,01;;;;;
12/12/2022;178,57;;;165500,4;70,25;70,67;;;;;
13/12/2022;179,01;;;164216,7;69,5625;67,54;;;;;
14/12/2022;179,22;;;164733,2;69,5;68,95;;;;;
15/12/2022;179,35;;;165109,6;68,9375;70,3;;;;;
16/12/2022;179,69;;;168965,8;69,5625;70,74;;;;;
19/12/2022;180,65;;;172335,9;69,375;70,31;;;;;
20/12/2022;180,76;;;179851,9;69,0625;69,66;;;;;
21/12/2022;181,16;;;182459,8;68,875;70,05;;;;;
22/12/2022;181,36;;;187784;69,6875;70,32;;;;;
23/12/2022;181,74;;;192477,4;69,25;69,76;;;;;
26/12/2022;182,82;;;195542,8;69,5;69,95;;;;;
27/12/2022;183,12;;;202560,2;68,5;69,54;;;;;
28/12/2022;183,51;;;199360,7;69,25;69,99;;;;;
29/12/2022;183,95;;;202085,1;68,8125;69,98;;;;;
30/12/2022;184,64;;;207054,3;69,375;70,47;;;;;
02/01/2023;185,36;;;198360,5;69,375;68,67;;;;;
03/01/2023;185,99;;;201060,6;68,5;70,46;;;;;
04/01/2023;186,22;;;209646;69,8125;70,83;;;;;
05/01/2023;186,16;;;213794,3;69,375;70,25;;;;;
06/01/2023;186,61;;;215724,7;69,3125;70,78;;;;;
09/01/2023;187,72;;;215811;69,3125;70,46;;;;;
10/01/2023;188,11;;;224627,5;68,8125;70,06;;;;;
11/01/2023;188,21;;;234153,7;70,1875;70,32;;;;;
12/01/2023;188,18;;;242154,5;69,9375;70,05;;;;;
13/01/2023;188,53;;;250556;69,75;69,46;;;;;
16/01/2023;189,47;;;260750;70;71,09;;;;;
17/01/2023;189,74;;;235372,4;69,5625;70,52;;;;;
18/01/2023;189,98;;;235179,7;69,25;70,38;;;;;
19/01/2023;190,19;;;247680;69,1875;70,57;;;;;
20/01/2023;190,65;;;250362,3;69,0625;70,7;;;;;
23/01/2023;191,68;;;252107,9;70,5;70,98;;;;;
24/01/2023;192,08;;;260073,6;69,0625;71,02;;;;;
25/01/2023;192,26;;;261498,8;70,125;69,78;;;;;
26/01/2023;192,74;;;254295,4;69,1875;70,83;;;;;
27/01/2023;193,06;;;245875,1;68,375;69,55;;;;;
30/01/2023;194,07;;;253548,5;70,25;70,83;;;;;
31/01/2023;194,36;;;251062,1;69,375;70,87;;;;;
01/02/2023;194,96;;;248854,6;69,8125;70,13;;;;;
02/02/2023;195,14;;;239370;69,1875;67,85;;;;;
03/02/2023;195,4;;;243607,6;69,5;70,06;;;;;
06/02/2023;196,52;;;246804,2;70,0625;70,85;;;;;
07/02/2023;196,74;;;250125,4;69,3125;69,36;;;;;
08/02/2023;196,93;;;248238,6;69,5;71,17;;;;;
09/02/2023;197,19;;;249897,5;69,875;71,11;;;;;
10/02/2023;197,6;;;257625,8;70,25;69,58;;;;;
13/02/2023;198,78;;;258463,5;70,8125;71,26;;;;;
14/02/2023;199,03;;;254969,8;69,4375;68,68;;;;;
15/02/2023;199,47;;;257247,2;69,6875;70,78;;;;;
16/02/2023;199,7;;;248979,4;69,75;70,41;;;;;
17/02/2023;200,55;;;244719,1;69,6875;70,51;;;;;
22/02/2023;201,73;;;248006,3;70,5;71,08;;;;;
23/02/2023;202,48;;;248324,7;69,375;71,67;;;;;
24/02/2023;202,88;;;250465,6;70,0625;70,08;;;;;
27/02/2023;204,12;;;247459,3;69,75;70,62;;;;;
28/02/2023;204,39;;;249580,5;69,375;70,14;;;;;
01/03/2023;204,73;;;242748,9;70,3125;70,7;;;;;
02/03/2023;205,37;;;245865,2;69,75;70,61;;;;;
03/03/2023;205,72;;;253018,6;70,1875;70,28;;;;;
06/03/2023;206,67;;;246501;70,25;70,63;;;;;
07/03/2023;206,9;;;250911,8;69,625;69,15;;;;;
08/03/2023;207,22;;;247553,8;70,3125;71;;;;;
09/03/2023;207,49;;;236419,4;70,0625;71,33;;;;;
10/03/2023;207,96;;;225227,5;69,625;69,88;;;;;
13/03/2023;208,88;;;220447;70,25;70,63;;;;;
14/03/2023;209,36;;;209824,2;70,0625;68,31;;;;;
15/03/2023;209,62;;;223388,2;70,5625;70,3;;;;;
16/03/2023;210,21;;;221740,3;70,1875;70,79;;;;;
17/03/2023;210,54;;;221059,1;71,875;72,87;;;;;
20/03/2023;211,85;;;228790,2;72;73,16;;;;;
21/03/2023;212,24;;;224914,6;71,5625;71,63;;;;;
22/03/2023;212,72;;;219276,7;71,375;72,67;;;;;
23/03/2023;212,97;;;233739,4;71,0625;72,24;;;;;
27/03/2023;214,45;;;242386;73,6875;73,53;;;;;
28/03/2023;215,03;;;249104,1;72,3125;73,01;;;;;
29/03/2023;215,5;;;251639,1;72,125;72,72;;;;;
30/03/2023;215,81;;;245716,2;71,9375;72,82;;;;;
31/03/2023;216,24;;;254696,9;72,4375;73,58;;;;;
03/04/2023;217,43;;;251488,3;72,6875;73,6;;;;;
04/04/2023;218,03;;;252848,7;71,875;72,86;;;;;
05/04/2023;218,78;;;259963,4;72,5625;73,16;;;;;
10/04/2023;220,73;;;266850;73,1875;73,77;;;;;
11/04/2023;221,17;;;270329;72,4375;73,3;;;;;
12/04/2023;221,46;;;275717,4;72,9375;72,91;;;;;
13/04/2023;221,62;;;281295,2;72,8125;73,71;;;;;
14/04/2023;221,77;;;284298,7;73,125;73,02;;;;;
17/04/2023;223,39;;;275405,9;73,375;73,96;;;;;
18/04/2023;223,73;;;281827,5;72,5625;73,52;;;;;
19/04/2023;224,52;;;290890,5;73;73,6;;;;;
20/04/2023;225,21;;;299421,7;73,0625;73,45;;;;;
21/04/2023;225,58;;;303058,4;73,8125;74,69;;;;;
24/04/2023;226,94;;;304797;74,75;75,64;;;;;
25/04/2023;227,68;;;296808,9;73,9375;74,8;;;;;
26/04/2023;228,43;;;297960;76,375;76,13;;;;;
27/04/2023;229,12;;;295631;76,25;76,34;;;;;
28/04/2023;229,63;;;288007,9;87,5;87,57;;;;;
02/05/2023;232,09;;;281752,5;87,5;87,62;;;;;
03/05/2023;232,88;;;297140,1;87,5;87,55;;;;;
04/05/2023;233,72;;;304395,9;87,25;85,68;;;;;
05/05/2023;235,98;;;307773,3;87,625;87,69;;;;;
08/05/2023;238,18;;;310497,2;87,875;85,98;;;;;
09/05/2023;238,89;;;313281,4;86,0625;86,39;;;;;
10/05/2023;239,59;;;321529,6;88,1875;87,79;;;;;
11/05/2023;239,42;;;320582,8;88,0625;88,26;;;;;
12/05/2023;240,07;;;318792;87,875;87,47;;;;;
15/05/2023;241,39;;;327788,6;89;88,62;;;;;
16/05/2023;242,37;;;331210,6;92,875;92,64;;;;;
17/05/2023;242,65;;;338677,6;93,0625;93,25;;;;;
18/05/2023;243,02;;;338978,9;93,125;92,57;;;;;
19/05/2023;243,59;;;340785,5;92,1875;92,8;;;;;
22/05/2023;245,02;;;341669,3;92,0625;92,46;;;;;
23/05/2023;245,53;;;346369;91,75;91,56;;;;;
24/05/2023;246,59;;;343391,9;91,5;91,11;;;;;
29/05/2023;248,68;;;342078,5;93,1875;93,07;;;;;
30/05/2023;249,79;;;353373,6;92,3125;92,08;;;;;
31/05/2023;250,37;;;352936,8;91,9375;90,83;;;;;
01/06/2023;251,44;;;360825,6;92,9375;92,55;;;;;
02/06/2023;252;;;380757,5;92,4375;93,23;;;;;
05/06/2023;253,83;;;380430,9;93;92,63;;;;;
06/06/2023;254,7;;;380907,5;92,5625;92,92;;;;;
07/06/2023;255,36;;;381763,9;92,375;91,13;;;;;
08/06/2023;256,09;;;381672,5;91,9375;92,99;;;;;
09/06/2023;257,33;;;381896,1;92,75;92,35;;;;;
12/06/2023;258,52;;;378695,4;93,1875;93,56;;;;;
13/06/2023;259,13;;;391831,4;92;92,8;;;;;
14/06/2023;259,85;;;409416,5;92,5;93,27;;;;;
15/06/2023;260,92;;;429908,6;92,5;93,21;;;;;
16/06/2023;261,59;;;415186,4;92,5;92,68;;;;;
21/06/2023;264,45;;;420736,7;92,8125;93,51;;;;;
22/06/2023;265,31;;;432406,2;92,0625;92,25;;;;;
23/06/2023;265,95;;;416375,9;91,5625;91,47;;;;;
26/06/2023;267,22;;;409622,7;92,25;93,79;;;;;
27/06/2023;268,09;;;416466,8;91,625;91,88;;;;;
28/06/2023;267,88;;;426281;93,125;92,88;;;;;
29/06/2023;269,24;;;436619;92,5625;92,12;;;;;
30/06/2023;270,16;;;441468,9;92,25;93,05;;;;;
03/07/2023;271,55;;;436732,6;93,3125;93,28;;;;;
04/07/2023;272,06;;;417548,7;92,3125;92,91;;;;;
05/07/2023;273,32;;;423580,5;93,375;93,07;;;;;
06/07/2023;273,71;;;420772,6;93,0625;93,55;;;;;
07/07/2023;274,39;;;422765,4;92,6875;92,45;;;;;
10/07/2023;275,81;;;431551,1;93,4375;94,37;;;;;
11/07/2023;276,53;;;451138,6;92,625;92,68;;;;;
12/07/2023;276,89;;;443303,6;93,0625;93,45;;;;;
13/07/2023;277,77;;;456842,8;92,9375;93,46;;;;;
14/07/2023;278,47;;;456880,7;92,875;93,04;;;;;
17/07/2023;280,32;;;453206,9;93,1875;93,68;;;;;
18/07/2023;280,59;;;459108;92,0625;93,01;;;;;
19/07/2023;281,35;;;472973,6;92;92,62;;;;;
20/07/2023;281,66;;;466662,9;91,3125;91,55;;;;;
21/07/2023;282,54;;;471449,4;92,625;93,27;;;;;
24/07/2023;284,37;;;471102,8;92,5;93,41;;;;;
25/07/2023;284,65;;;450210,6;91,9375;92,57;;;;;
26/07/2023;285,2;;;457787,7;91,875;92,61;;;;;
27/07/2023;285,8;;;457137,8;91,625;91,73;;;;;
28/07/2023;286,57;;;453024,4;92,9375;92,79;;;;;
31/07/2023;287,92;;;445226,2;92,875;93,59;;;;;
01/08/2023;289,17;;;441515,7;92,1875;91,66;;;;;
02/08/2023;290,27;;;451570,6;93,25;92,58;;;;;
03/08/2023;291,33;;;452400,9;93,125;92,96;;;;;
04/08/2023;292,2;;;466194,2;93,25;93,47;;;;;
07/08/2023;295,25;;;461280,8;93,125;93,81;;;;;
08/08/2023;296,52;;;470380,5;91,625;92,38;;;;;
09/08/2023;297,82;;;480252,6;93,125;93,73;;;;;
10/08/2023;298,81;;;496114,6;92,6875;93,59;;;;;
11/08/2023;300,01;;;527243,2;93,0625;93,29;;;;;
14/08/2023;366,18;;;563124,7;95,1875;95,3;;;;;
15/08/2023;366,63;;;582323;113,375;113,6;;;;;
16/08/2023;366,89;;;584293,2;113,6875;113,82;;;;;
17/08/2023;366,55;;;593946,9;113;112,95;;;;;
18/08/2023;366,57;;;615499,3;112,25;112,44;;;;;
22/08/2023;367,03;;;613509,1;112,9375;112,53;;;;;
23/08/2023;367,11;;;631166,1;112,9375;113,54;;;;;
24/08/2023;367,37;;;665523,9;112,9375;113,07;;;;;
25/08/2023;367;;;683587,7;113,0625;113,38;;;;;
28/08/2023;367;;;675841;114,0625;113,87;;;;;
29/08/2023;367;;;653602,9;112,5;112,4;;;;;
30/08/2023;367,09;;;634791,7;113,5625;112,48;;;;;
31/08/2023;366,63;;;633243,3;113,4375;113,63;;;;;
01/09/2023;367,02;;;598133,4;114,1875;113,66;;;;;
04/09/2023;367,01;;;583982,6;114,5625;112,71;;;;;
05/09/2023;367,01;;;548015,1;114;112,42;;;;;
06/09/2023;367,01;;;532550,4;113,875;114,25;;;;;
07/09/2023;367;;;514073,8;113,625;114,34;;;;;
08/09/2023;367,01;;;538084,5;114,25;114,95;;;;;
11/09/2023;366,72;;;553410,1;114,625;113,49;;;;;
12/09/2023;366,73;;;571753,3;114,0625;113,95;;;;;
13/09/2023;366,72;;;567513,4;115,1875;112,98;;;;;
14/09/2023;367,09;;;585204,5;113,75;113,51;;;;;
15/09/2023;367,01;;;576676,1;113,875;114,04;;;;;
18/09/2023;367,09;;;562032,6;113,6875;113,26;;;;;
19/09/2023;366,64;;;553754,8;112,8125;113,28;;;;;
20/09/2023;367,01;;;553392,2;112,625;110,73;;;;;
21/09/2023;367,09;;;548544,8;113,5625;110,29;;;;;
22/09/2023;367,01;;;543252,1;113,5625;113,89;;;;;
25/09/2023;366,98;;;557023,5;112,875;114,03;;;;;
26/09/2023;366,98;;;581469;112,4375;112,89;;;;;
27/09/2023;366,64;;;562568,5;113,8125;113,4;;;;;
28/09/2023;367,01;;;556828;113,1875;113,7;;;;;
29/09/2023;365,6;;;561427;113,875;111,93;;;;;
02/10/2023;367,01;;;593739,9;114,4375;114,04;;;;;
03/10/2023;366,65;;;613071,6;112,8125;111,82;;;;;
04/10/2023;367,09;;;628917,7;114,5;111,65;;;;;
05/10/2023;366,65;;;648630,8;114;114,14;;;;;
06/10/2023;367,02;;;697833,7;114;113,52;;;;;
09/10/2023;367,18;;;716543,7;114,4375;115,12;;;;;
10/10/2023;367,01;;;760673,8;113,5625;114,29;;;;;
11/10/2023;367,01;;;823683;114,75;113,86;;;;;
12/10/2023;367,46;;;798907,3;114,0625;114,54;;;;;
17/10/2023;367,59;;;764079,4;129,625;129,17;;;;;
18/10/2023;367,14;;;800804,8;129,375;128,92;;;;;
19/10/2023;367,17;;;701205,2;128,6875;127,9;;;;;
20/10/2023;368,03;;;654136,5;128,8125;128,68;;;;;
23/10/2023;367,91;;;686238,2;128,5;128,74;;;;;
24/10/2023;367,93;;;673102,8;127,5;127,3;;;;;
25/10/2023;367,72;;;655565,2;128,25;128,55;;;;;
26/10/2023;368,1;;;591691,8;128,1875;127,82;;;;;
27/10/2023;367,93;;;579150;128,875;128,19;;;;;
30/10/2023;367,88;;;;128,6875;129,26;;;;;
31/10/2023;367,94;;;;128,5625;127,61;;;;;
01/11/2023;367,93;;;;129,375;128,95;;;;;
02/11/2023;368,05;;;;;128,19;;;;;
